instance,designation,mechanism,truth_job,truth_function,arm,detections_of_3,correct_job_of_3,exact_of_3,false_positives_of_3,natural_state_selected_of_3,provider_calls,input_tokens,cached_input_tokens,output_tokens,total_tokens,latency_seconds,trial_ids,raw_review_paths
case-control-01,matched_clean_control,matched_clean_control,,,P01,0,,,0,0,3,81657,34944,4819,86476,100.93484799899852,trial-21def4c563850859;trial-6a9d92ef62b785c9;trial-853b08e637408490,outputs/fault-experiments-v2-2-n10/attempt-057/reviews/trial-21def4c563850859.json;outputs/fault-experiments-v2-2-n10/attempt-057/reviews/trial-6a9d92ef62b785c9.json;outputs/fault-experiments-v2-2-n10/attempt-057/reviews/trial-853b08e637408490.json
case-control-01,matched_clean_control,matched_clean_control,,,P02,0,,,0,0,3,177313,24704,4358,181671,95.27552199899583,trial-5df0f16f02cd48c5;trial-7c6339be39f3ccde;trial-d7976f0e45eaef42,outputs/fault-experiments-v2-2-n10/attempt-057/reviews/trial-5df0f16f02cd48c5.json;outputs/fault-experiments-v2-2-n10/attempt-057/reviews/trial-7c6339be39f3ccde.json;outputs/fault-experiments-v2-2-n10/attempt-057/reviews/trial-d7976f0e45eaef42.json
case-control-01,matched_clean_control,matched_clean_control,,,P03,0,,,0,0,3,180479,34944,3551,184030,78.03920181899957,trial-69f4139fe4aff5fa;trial-800a5e88dce1e5ce;trial-a093984fdcb10752,outputs/fault-experiments-v2-2-n10/attempt-057/reviews/trial-69f4139fe4aff5fa.json;outputs/fault-experiments-v2-2-n10/attempt-057/reviews/trial-800a5e88dce1e5ce.json;outputs/fault-experiments-v2-2-n10/attempt-057/reviews/trial-a093984fdcb10752.json
case-control-01,matched_clean_control,matched_clean_control,,,P04,0,,,0,0,9,567824,94592,8464,576288,195.3592447750034,trial-0a26f76c18be0404;trial-cc1121fed654c897;trial-d0f06f0acf9d234a,outputs/fault-experiments-v2-2-n10/attempt-057/reviews/trial-0a26f76c18be0404.json;outputs/fault-experiments-v2-2-n10/attempt-057/reviews/trial-cc1121fed654c897.json;outputs/fault-experiments-v2-2-n10/attempt-057/reviews/trial-d0f06f0acf9d234a.json
case-control-01,matched_clean_control,matched_clean_control,,,P05,0,,,0,0,9,560257,74112,9874,570131,221.30047598900273,trial-84be3f3f50e16691;trial-b589c03d486ee06d;trial-d1a698452036fab8,outputs/fault-experiments-v2-2-n10/attempt-057/reviews/trial-84be3f3f50e16691.json;outputs/fault-experiments-v2-2-n10/attempt-057/reviews/trial-b589c03d486ee06d.json;outputs/fault-experiments-v2-2-n10/attempt-057/reviews/trial-d1a698452036fab8.json
case-control-01,matched_clean_control,matched_clean_control,,,P06,0,,,0,0,9,532561,84352,12416,544977,266.13476721999905,trial-163c72d85dce7c90;trial-81eec7c63e91bee9;trial-f4033b3234286a7f,outputs/fault-experiments-v2-2-n10/attempt-057/reviews/trial-163c72d85dce7c90.json;outputs/fault-experiments-v2-2-n10/attempt-057/reviews/trial-81eec7c63e91bee9.json;outputs/fault-experiments-v2-2-n10/attempt-057/reviews/trial-f4033b3234286a7f.json
case-control-02,matched_clean_control,matched_clean_control,,,P01,0,,,0,0,3,81584,24704,3730,85314,80.74175953300073,trial-52b784d32b65fce7;trial-954057af9de287fe;trial-bc5f0914e38829ee,outputs/fault-experiments-v2-2-n10/attempt-057/reviews/trial-52b784d32b65fce7.json;outputs/fault-experiments-v2-2-n10/attempt-057/reviews/trial-954057af9de287fe.json;outputs/fault-experiments-v2-2-n10/attempt-057/reviews/trial-bc5f0914e38829ee.json
case-control-02,matched_clean_control,matched_clean_control,,,P02,0,,,0,0,3,177095,34944,4440,181535,93.13688385699606,trial-2da54b57735d73c0;trial-42d21a58ec81fc32;trial-4ab8cd8af900284e,outputs/fault-experiments-v2-2-n10/attempt-057/reviews/trial-2da54b57735d73c0.json;outputs/fault-experiments-v2-2-n10/attempt-057/reviews/trial-42d21a58ec81fc32.json;outputs/fault-experiments-v2-2-n10/attempt-057/reviews/trial-4ab8cd8af900284e.json
case-control-02,matched_clean_control,matched_clean_control,,,P03,0,,,0,0,3,180264,34944,6668,186932,136.6009338620006,trial-951566f213689f05;trial-a16ed060b2839733;trial-f71fe136034139f7,outputs/fault-experiments-v2-2-n10/attempt-057/reviews/trial-951566f213689f05.json;outputs/fault-experiments-v2-2-n10/attempt-057/reviews/trial-a16ed060b2839733.json;outputs/fault-experiments-v2-2-n10/attempt-057/reviews/trial-f71fe136034139f7.json
case-control-02,matched_clean_control,matched_clean_control,,,P04,0,,,0,0,9,559529,94592,8410,567939,191.07346821899773,trial-0bcf8f9243326d63;trial-6af3f24b95b508ae;trial-e7e5ac742de07e24,outputs/fault-experiments-v2-2-n10/attempt-057/reviews/trial-0bcf8f9243326d63.json;outputs/fault-experiments-v2-2-n10/attempt-057/reviews/trial-6af3f24b95b508ae.json;outputs/fault-experiments-v2-2-n10/attempt-057/reviews/trial-e7e5ac742de07e24.json
case-control-02,matched_clean_control,matched_clean_control,,,P05,0,,,0,0,9,559714,94592,9911,569625,220.1697976919986,trial-1b7dafb2b0275a1f;trial-4edf95b6ba57c2c8;trial-646dd64bc76f3f19,outputs/fault-experiments-v2-2-n10/attempt-057/reviews/trial-1b7dafb2b0275a1f.json;outputs/fault-experiments-v2-2-n10/attempt-057/reviews/trial-4edf95b6ba57c2c8.json;outputs/fault-experiments-v2-2-n10/attempt-057/reviews/trial-646dd64bc76f3f19.json
case-control-02,matched_clean_control,matched_clean_control,,,P06,0,,,0,0,9,531911,104832,11765,543676,249.67897913100023,trial-1b0c480615e96ee1;trial-243a5afd86d041fa;trial-49158b32b11326a9,outputs/fault-experiments-v2-2-n10/attempt-057/reviews/trial-1b0c480615e96ee1.json;outputs/fault-experiments-v2-2-n10/attempt-057/reviews/trial-243a5afd86d041fa.json;outputs/fault-experiments-v2-2-n10/attempt-057/reviews/trial-49158b32b11326a9.json
case-control-03,matched_clean_control,matched_clean_control,,,P01,0,,,0,0,3,81682,34944,4341,86023,91.17712868399758,trial-1d7f100dec68485a;trial-c29684db27bc23fc;trial-e56dfe95bad82901,outputs/fault-experiments-v2-2-n10/attempt-057/reviews/trial-1d7f100dec68485a.json;outputs/fault-experiments-v2-2-n10/attempt-057/reviews/trial-c29684db27bc23fc.json;outputs/fault-experiments-v2-2-n10/attempt-057/reviews/trial-e56dfe95bad82901.json
case-control-03,matched_clean_control,matched_clean_control,,,P02,0,,,0,0,3,177163,34944,4753,181916,106.15573766000125,trial-76d68f3d417a4311;trial-afefca2f13219cb3;trial-e70896954b7c97bb,outputs/fault-experiments-v2-2-n10/attempt-057/reviews/trial-76d68f3d417a4311.json;outputs/fault-experiments-v2-2-n10/attempt-057/reviews/trial-afefca2f13219cb3.json;outputs/fault-experiments-v2-2-n10/attempt-057/reviews/trial-e70896954b7c97bb.json
case-control-03,matched_clean_control,matched_clean_control,,,P03,0,,,0,0,3,180330,34944,3576,183906,76.86638317599864,trial-27ee695527b3acdf;trial-3d04a5355b2b8fa1;trial-8e58b9e6b20f7840,outputs/fault-experiments-v2-2-n10/attempt-057/reviews/trial-27ee695527b3acdf.json;outputs/fault-experiments-v2-2-n10/attempt-057/reviews/trial-3d04a5355b2b8fa1.json;outputs/fault-experiments-v2-2-n10/attempt-057/reviews/trial-8e58b9e6b20f7840.json
case-control-03,matched_clean_control,matched_clean_control,,,P04,0,,,0,0,9,548661,84352,7413,556074,178.5716881740027,trial-4da4e8251c64187a;trial-c7fb4b01d2d84a8e;trial-d1546bd058e10de6,outputs/fault-experiments-v2-2-n10/attempt-057/reviews/trial-4da4e8251c64187a.json;outputs/fault-experiments-v2-2-n10/attempt-057/reviews/trial-c7fb4b01d2d84a8e.json;outputs/fault-experiments-v2-2-n10/attempt-057/reviews/trial-d1546bd058e10de6.json
case-control-03,matched_clean_control,matched_clean_control,,,P05,0,,,0,0,9,558293,94592,6963,565256,165.6902254000015,trial-3b8df8e62337e049;trial-77704916235dd592;trial-d0c1c6579970fb9b,outputs/fault-experiments-v2-2-n10/attempt-057/reviews/trial-3b8df8e62337e049.json;outputs/fault-experiments-v2-2-n10/attempt-057/reviews/trial-77704916235dd592.json;outputs/fault-experiments-v2-2-n10/attempt-057/reviews/trial-d0c1c6579970fb9b.json
case-control-03,matched_clean_control,matched_clean_control,,,P06,0,,,0,0,9,532107,84352,13397,545504,281.3403828090013,trial-603d88e8c519b60f;trial-83d2bb893a872815;trial-aeaabd054b36672d,outputs/fault-experiments-v2-2-n10/attempt-057/reviews/trial-603d88e8c519b60f.json;outputs/fault-experiments-v2-2-n10/attempt-057/reviews/trial-83d2bb893a872815.json;outputs/fault-experiments-v2-2-n10/attempt-057/reviews/trial-aeaabd054b36672d.json
case-control-04,matched_clean_control,matched_clean_control,,,P01,0,,,0,0,3,81747,34944,6802,88549,141.65109581199977,trial-267056c6f49e7858;trial-535a67e766a0a7f5;trial-cc5f318b111fda59,outputs/fault-experiments-v2-2-n10/attempt-057/reviews/trial-267056c6f49e7858.json;outputs/fault-experiments-v2-2-n10/attempt-057/reviews/trial-535a67e766a0a7f5.json;outputs/fault-experiments-v2-2-n10/attempt-057/reviews/trial-cc5f318b111fda59.json
case-control-04,matched_clean_control,matched_clean_control,,,P02,0,,,0,0,3,177424,34944,4038,181462,85.17812158400011,trial-42d187c1e0e04dba;trial-e6ba7fa46bd0cd4d;trial-f06a0f9a6bf42d27,outputs/fault-experiments-v2-2-n10/attempt-057/reviews/trial-42d187c1e0e04dba.json;outputs/fault-experiments-v2-2-n10/attempt-057/reviews/trial-e6ba7fa46bd0cd4d.json;outputs/fault-experiments-v2-2-n10/attempt-057/reviews/trial-f06a0f9a6bf42d27.json
case-control-04,matched_clean_control,matched_clean_control,,,P03,0,,,0,0,3,180596,34944,6168,186764,125.38086445499994,trial-a458c44c19629ad6;trial-dd6c9e1fc9f23bd5;trial-f8fe1df35a88da84,outputs/fault-experiments-v2-2-n10/attempt-057/reviews/trial-a458c44c19629ad6.json;outputs/fault-experiments-v2-2-n10/attempt-057/reviews/trial-dd6c9e1fc9f23bd5.json;outputs/fault-experiments-v2-2-n10/attempt-057/reviews/trial-f8fe1df35a88da84.json
case-control-04,matched_clean_control,matched_clean_control,,,P04,0,,,0,0,9,586361,94592,6997,593358,168.8463048069989,trial-2e5753e3a5d9e6f2;trial-31b0a7eb0f4fb123;trial-77dba96eeee58d4c,outputs/fault-experiments-v2-2-n10/attempt-057/reviews/trial-2e5753e3a5d9e6f2.json;outputs/fault-experiments-v2-2-n10/attempt-057/reviews/trial-31b0a7eb0f4fb123.json;outputs/fault-experiments-v2-2-n10/attempt-057/reviews/trial-77dba96eeee58d4c.json
case-control-04,matched_clean_control,matched_clean_control,,,P05,0,,,0,0,9,559123,94592,6649,565772,160.24383555299937,trial-495a5b15a25baeac;trial-69c65b25601c2599;trial-f399467170fefe0d,outputs/fault-experiments-v2-2-n10/attempt-057/reviews/trial-495a5b15a25baeac.json;outputs/fault-experiments-v2-2-n10/attempt-057/reviews/trial-69c65b25601c2599.json;outputs/fault-experiments-v2-2-n10/attempt-057/reviews/trial-f399467170fefe0d.json
case-control-04,matched_clean_control,matched_clean_control,,,P06,0,,,0,0,9,532905,74112,13188,546093,281.15545277199817,trial-66beb04cc8102e81;trial-cddd1df2e80891db;trial-d9716cc5f2234cb0,outputs/fault-experiments-v2-2-n10/attempt-057/reviews/trial-66beb04cc8102e81.json;outputs/fault-experiments-v2-2-n10/attempt-057/reviews/trial-cddd1df2e80891db.json;outputs/fault-experiments-v2-2-n10/attempt-057/reviews/trial-d9716cc5f2234cb0.json
case-r01,upstream_fault,R_premature_contribution_rounding,job_upstream_demand_provenance,weight_source_reliability,P01,0,0,0,0,0,3,81655,34944,6069,87724,120.74676934400486,trial-047d1f86296d1180;trial-17e373124c8d943a;trial-72c220c469c39c49,outputs/fault-experiments-v2-2-n10/attempt-057/reviews/trial-047d1f86296d1180.json;outputs/fault-experiments-v2-2-n10/attempt-057/reviews/trial-17e373124c8d943a.json;outputs/fault-experiments-v2-2-n10/attempt-057/reviews/trial-72c220c469c39c49.json
case-r01,upstream_fault,R_premature_contribution_rounding,job_upstream_demand_provenance,weight_source_reliability,P02,2,2,2,0,0,3,177308,34944,8388,185696,163.20271803000105,trial-694465525fa43bf8;trial-8361627e11a91904;trial-b5f14858a3a519cf,outputs/fault-experiments-v2-2-n10/attempt-057/reviews/trial-694465525fa43bf8.json;outputs/fault-experiments-v2-2-n10/attempt-057/reviews/trial-8361627e11a91904.json;outputs/fault-experiments-v2-2-n10/attempt-057/reviews/trial-b5f14858a3a519cf.json
case-r01,upstream_fault,R_premature_contribution_rounding,job_upstream_demand_provenance,weight_source_reliability,P03,0,0,0,0,0,3,180475,34944,7948,188423,157.96793418099878,trial-15c2a4b5704adbae;trial-676d5b7aa5c2ef95;trial-a1de878c20c21ace,outputs/fault-experiments-v2-2-n10/attempt-057/reviews/trial-15c2a4b5704adbae.json;outputs/fault-experiments-v2-2-n10/attempt-057/reviews/trial-676d5b7aa5c2ef95.json;outputs/fault-experiments-v2-2-n10/attempt-057/reviews/trial-a1de878c20c21ace.json
case-r01,upstream_fault,R_premature_contribution_rounding,job_upstream_demand_provenance,weight_source_reliability,P04,1,1,1,0,0,9,606698,74112,7478,614176,174.97684594099883,trial-960aa60ff7946526;trial-b660f9567d5e1ef2;trial-de5b18711c6ec00f,outputs/fault-experiments-v2-2-n10/attempt-057/reviews/trial-960aa60ff7946526.json;outputs/fault-experiments-v2-2-n10/attempt-057/reviews/trial-b660f9567d5e1ef2.json;outputs/fault-experiments-v2-2-n10/attempt-057/reviews/trial-de5b18711c6ec00f.json
case-r01,upstream_fault,R_premature_contribution_rounding,job_upstream_demand_provenance,weight_source_reliability,P05,1,1,1,0,0,9,596634,104832,9107,605741,204.56816237300336,trial-393174e68b8dff80;trial-778f1f55e2181b61;trial-b0318fa900d05ddb,outputs/fault-experiments-v2-2-n10/attempt-057/reviews/trial-393174e68b8dff80.json;outputs/fault-experiments-v2-2-n10/attempt-057/reviews/trial-778f1f55e2181b61.json;outputs/fault-experiments-v2-2-n10/attempt-057/reviews/trial-b0318fa900d05ddb.json
case-r01,upstream_fault,R_premature_contribution_rounding,job_upstream_demand_provenance,weight_source_reliability,P06,0,0,0,0,0,9,532554,84352,16053,548607,330.6216907310063,trial-7420fae83329481e;trial-9c9220f5e49f2901;trial-cb1d258ac6301968,outputs/fault-experiments-v2-2-n10/attempt-057/reviews/trial-7420fae83329481e.json;outputs/fault-experiments-v2-2-n10/attempt-057/reviews/trial-9c9220f5e49f2901.json;outputs/fault-experiments-v2-2-n10/attempt-057/reviews/trial-cb1d258ac6301968.json
case-r02,upstream_fault,R_premature_contribution_rounding,job_upstream_demand_provenance,weight_source_reliability,P01,0,0,0,0,0,3,81490,34944,9235,90725,178.40453944399997,trial-51fdf0ec9c54d15c;trial-9d9d6c6d8cbf3c84;trial-d2fa84b17ca1535a,outputs/fault-experiments-v2-2-n10/attempt-057/reviews/trial-51fdf0ec9c54d15c.json;outputs/fault-experiments-v2-2-n10/attempt-057/reviews/trial-9d9d6c6d8cbf3c84.json;outputs/fault-experiments-v2-2-n10/attempt-057/reviews/trial-d2fa84b17ca1535a.json
case-r02,upstream_fault,R_premature_contribution_rounding,job_upstream_demand_provenance,weight_source_reliability,P02,1,1,1,0,0,3,177358,24704,8116,185474,158.45131373800086,trial-36ab263327d85c18;trial-8a873c53f8972289;trial-a1ca4356efc232dd,outputs/fault-experiments-v2-2-n10/attempt-057/reviews/trial-36ab263327d85c18.json;outputs/fault-experiments-v2-2-n10/attempt-057/reviews/trial-8a873c53f8972289.json;outputs/fault-experiments-v2-2-n10/attempt-057/reviews/trial-a1ca4356efc232dd.json
case-r02,upstream_fault,R_premature_contribution_rounding,job_upstream_demand_provenance,weight_source_reliability,P03,0,0,0,0,0,3,180525,34944,7909,188434,154.73035148400322,trial-0e67ba1bb71af700;trial-59832160a8c375cd;trial-6145ad060a7b6eb0,outputs/fault-experiments-v2-2-n10/attempt-057/reviews/trial-0e67ba1bb71af700.json;outputs/fault-experiments-v2-2-n10/attempt-057/reviews/trial-59832160a8c375cd.json;outputs/fault-experiments-v2-2-n10/attempt-057/reviews/trial-6145ad060a7b6eb0.json
case-r02,upstream_fault,R_premature_contribution_rounding,job_upstream_demand_provenance,weight_source_reliability,P04,2,2,2,0,0,9,606996,94592,12650,619646,265.6854837930023,trial-1cbf6de105d2f6a9;trial-69900203589222f3;trial-722584119ff9ca28,outputs/fault-experiments-v2-2-n10/attempt-057/reviews/trial-1cbf6de105d2f6a9.json;outputs/fault-experiments-v2-2-n10/attempt-057/reviews/trial-69900203589222f3.json;outputs/fault-experiments-v2-2-n10/attempt-057/reviews/trial-722584119ff9ca28.json
case-r02,upstream_fault,R_premature_contribution_rounding,job_upstream_demand_provenance,weight_source_reliability,P05,3,3,3,0,0,9,614331,104832,9664,623995,214.26384658199822,trial-14207e0a5468c50a;trial-6841edcc661c2646;trial-9e6ce6d0856bc85e,outputs/fault-experiments-v2-2-n10/attempt-057/reviews/trial-14207e0a5468c50a.json;outputs/fault-experiments-v2-2-n10/attempt-057/reviews/trial-6841edcc661c2646.json;outputs/fault-experiments-v2-2-n10/attempt-057/reviews/trial-9e6ce6d0856bc85e.json
case-r02,upstream_fault,R_premature_contribution_rounding,job_upstream_demand_provenance,weight_source_reliability,P06,0,0,0,0,0,9,532699,94592,18060,550759,362.9090699059998,trial-98d711b60c9179bf;trial-c76f42c7789db250;trial-cbd2da9ce80bbddd,outputs/fault-experiments-v2-2-n10/attempt-057/reviews/trial-98d711b60c9179bf.json;outputs/fault-experiments-v2-2-n10/attempt-057/reviews/trial-c76f42c7789db250.json;outputs/fault-experiments-v2-2-n10/attempt-057/reviews/trial-cbd2da9ce80bbddd.json
case-s01,upstream_fault,S_recorded_time_snapshot_substitution,job_upstream_demand_provenance,select_snapshot_observations,P01,3,3,3,0,0,3,83564,34944,2259,85823,52.52216877200408,trial-84f9c8fa7bdefc38;trial-ae724c856bcdffa6;trial-f888e2370e9f41c4,outputs/fault-experiments-v2-2-n10/attempt-057/reviews/trial-84f9c8fa7bdefc38.json;outputs/fault-experiments-v2-2-n10/attempt-057/reviews/trial-ae724c856bcdffa6.json;outputs/fault-experiments-v2-2-n10/attempt-057/reviews/trial-f888e2370e9f41c4.json
case-s01,upstream_fault,S_recorded_time_snapshot_substitution,job_upstream_demand_provenance,select_snapshot_observations,P02,3,3,3,0,0,3,179180,34944,2036,181216,49.27252244700139,trial-2029596ba895a2d2;trial-a15fda997bb75b23;trial-c7ef16a0c01bcc4b,outputs/fault-experiments-v2-2-n10/attempt-057/reviews/trial-2029596ba895a2d2.json;outputs/fault-experiments-v2-2-n10/attempt-057/reviews/trial-a15fda997bb75b23.json;outputs/fault-experiments-v2-2-n10/attempt-057/reviews/trial-c7ef16a0c01bcc4b.json
case-s01,upstream_fault,S_recorded_time_snapshot_substitution,job_upstream_demand_provenance,select_snapshot_observations,P03,3,3,3,0,0,3,182348,34944,2165,184513,54.40987513499931,trial-0842bcf91ac50ef6;trial-3fbf01d27dab9113;trial-f7f262338439583e,outputs/fault-experiments-v2-2-n10/attempt-057/reviews/trial-0842bcf91ac50ef6.json;outputs/fault-experiments-v2-2-n10/attempt-057/reviews/trial-3fbf01d27dab9113.json;outputs/fault-experiments-v2-2-n10/attempt-057/reviews/trial-f7f262338439583e.json
case-s01,upstream_fault,S_recorded_time_snapshot_substitution,job_upstream_demand_provenance,select_snapshot_observations,P04,3,3,3,0,0,9,561484,104832,5557,567041,139.5754133549981,trial-387b012edeaca88d;trial-9543d68be958c957;trial-9f10031643483176,outputs/fault-experiments-v2-2-n10/attempt-057/reviews/trial-387b012edeaca88d.json;outputs/fault-experiments-v2-2-n10/attempt-057/reviews/trial-9543d68be958c957.json;outputs/fault-experiments-v2-2-n10/attempt-057/reviews/trial-9f10031643483176.json
case-s01,upstream_fault,S_recorded_time_snapshot_substitution,job_upstream_demand_provenance,select_snapshot_observations,P05,3,3,3,0,0,9,571189,104832,5951,577140,148.02354072600247,trial-03262215f2b7cbf1;trial-0d9f754df33b902e;trial-7ca40f049a34c250,outputs/fault-experiments-v2-2-n10/attempt-057/reviews/trial-03262215f2b7cbf1.json;outputs/fault-experiments-v2-2-n10/attempt-057/reviews/trial-0d9f754df33b902e.json;outputs/fault-experiments-v2-2-n10/attempt-057/reviews/trial-7ca40f049a34c250.json
case-s01,upstream_fault,S_recorded_time_snapshot_substitution,job_upstream_demand_provenance,select_snapshot_observations,P06,3,3,3,0,0,9,538158,84352,7262,545420,174.40683980700123,trial-6ea76f77b6303b06;trial-aeb3bbfb360973db;trial-c9d49cbd24a8c563,outputs/fault-experiments-v2-2-n10/attempt-057/reviews/trial-6ea76f77b6303b06.json;outputs/fault-experiments-v2-2-n10/attempt-057/reviews/trial-aeb3bbfb360973db.json;outputs/fault-experiments-v2-2-n10/attempt-057/reviews/trial-c9d49cbd24a8c563.json
case-s02,upstream_fault,S_recorded_time_snapshot_substitution,job_upstream_demand_provenance,select_snapshot_observations,P01,3,3,3,0,0,3,83230,34944,2325,85555,54.98729285899935,trial-3d8f609ff7817aef;trial-8f294ef404954926;trial-acaf05aa8f783ab1,outputs/fault-experiments-v2-2-n10/attempt-057/reviews/trial-3d8f609ff7817aef.json;outputs/fault-experiments-v2-2-n10/attempt-057/reviews/trial-8f294ef404954926.json;outputs/fault-experiments-v2-2-n10/attempt-057/reviews/trial-acaf05aa8f783ab1.json
case-s02,upstream_fault,S_recorded_time_snapshot_substitution,job_upstream_demand_provenance,select_snapshot_observations,P02,3,3,3,0,0,3,178954,24704,2349,181303,56.26363243499691,trial-42f379c2454a5c88;trial-5962782e9d2caf0f;trial-cd3113157a34b18a,outputs/fault-experiments-v2-2-n10/attempt-057/reviews/trial-42f379c2454a5c88.json;outputs/fault-experiments-v2-2-n10/attempt-057/reviews/trial-5962782e9d2caf0f.json;outputs/fault-experiments-v2-2-n10/attempt-057/reviews/trial-cd3113157a34b18a.json
case-s02,upstream_fault,S_recorded_time_snapshot_substitution,job_upstream_demand_provenance,select_snapshot_observations,P03,3,3,3,0,0,3,182124,34944,2318,184442,55.32670228999996,trial-2f1ae2efa834036c;trial-9819ada4087117af;trial-c58860098ccc988a,outputs/fault-experiments-v2-2-n10/attempt-057/reviews/trial-2f1ae2efa834036c.json;outputs/fault-experiments-v2-2-n10/attempt-057/reviews/trial-9819ada4087117af.json;outputs/fault-experiments-v2-2-n10/attempt-057/reviews/trial-c58860098ccc988a.json
case-s02,upstream_fault,S_recorded_time_snapshot_substitution,job_upstream_demand_provenance,select_snapshot_observations,P04,3,3,3,0,0,9,561243,84352,5741,566984,144.35568269299984,trial-4a888cadec6bf462;trial-5c055e300959f012;trial-a82ad7c3ae07d21e,outputs/fault-experiments-v2-2-n10/attempt-057/reviews/trial-4a888cadec6bf462.json;outputs/fault-experiments-v2-2-n10/attempt-057/reviews/trial-5c055e300959f012.json;outputs/fault-experiments-v2-2-n10/attempt-057/reviews/trial-a82ad7c3ae07d21e.json
case-s02,upstream_fault,S_recorded_time_snapshot_substitution,job_upstream_demand_provenance,select_snapshot_observations,P05,3,3,3,0,0,9,571576,104832,6006,577582,149.372604432996,trial-369f87791b361157;trial-9e6e87e320866260;trial-f45b219cef80d3ae,outputs/fault-experiments-v2-2-n10/attempt-057/reviews/trial-369f87791b361157.json;outputs/fault-experiments-v2-2-n10/attempt-057/reviews/trial-9e6e87e320866260.json;outputs/fault-experiments-v2-2-n10/attempt-057/reviews/trial-f45b219cef80d3ae.json
case-s02,upstream_fault,S_recorded_time_snapshot_substitution,job_upstream_demand_provenance,select_snapshot_observations,P06,3,3,3,0,0,9,537480,63872,6658,544138,166.2098633860005,trial-1798f7b8a3202881;trial-1d382138acca58e7;trial-de71a14ed5513476,outputs/fault-experiments-v2-2-n10/attempt-057/reviews/trial-1798f7b8a3202881.json;outputs/fault-experiments-v2-2-n10/attempt-057/reviews/trial-1d382138acca58e7.json;outputs/fault-experiments-v2-2-n10/attempt-057/reviews/trial-de71a14ed5513476.json
case-e01,upstream_fault,E_expiry_compared_with_recorded_time,job_upstream_demand_provenance,select_snapshot_observations,P01,3,3,3,0,0,3,83127,34944,2370,85497,56.17251267699976,trial-546a7110ed4324e8;trial-aad785966d802a9d;trial-be467f71b1f7be15,outputs/fault-experiments-v2-2-n10/attempt-057/reviews/trial-546a7110ed4324e8.json;outputs/fault-experiments-v2-2-n10/attempt-057/reviews/trial-aad785966d802a9d.json;outputs/fault-experiments-v2-2-n10/attempt-057/reviews/trial-be467f71b1f7be15.json
case-e01,upstream_fault,E_expiry_compared_with_recorded_time,job_upstream_demand_provenance,select_snapshot_observations,P02,3,3,3,0,0,3,178710,34944,2791,181501,64.23116266200122,trial-28570c0726262828;trial-4308e4136a38be7a;trial-8645feda8ded4dc3,outputs/fault-experiments-v2-2-n10/attempt-057/reviews/trial-28570c0726262828.json;outputs/fault-experiments-v2-2-n10/attempt-057/reviews/trial-4308e4136a38be7a.json;outputs/fault-experiments-v2-2-n10/attempt-057/reviews/trial-8645feda8ded4dc3.json
case-e01,upstream_fault,E_expiry_compared_with_recorded_time,job_upstream_demand_provenance,select_snapshot_observations,P03,3,3,3,0,0,3,181880,24704,2687,184567,60.7661204440019,trial-3ac80c11ce821783;trial-71ec49537cc4dddb;trial-7743f6d73fb5dc60,outputs/fault-experiments-v2-2-n10/attempt-057/reviews/trial-3ac80c11ce821783.json;outputs/fault-experiments-v2-2-n10/attempt-057/reviews/trial-71ec49537cc4dddb.json;outputs/fault-experiments-v2-2-n10/attempt-057/reviews/trial-7743f6d73fb5dc60.json
case-e01,upstream_fault,E_expiry_compared_with_recorded_time,job_upstream_demand_provenance,select_snapshot_observations,P04,3,3,3,0,0,9,560360,104832,6414,566774,155.1365116820034,trial-52038ab25cb3b2a2;trial-812c46ad7ca92ff8;trial-d81d65e67581d8e1,outputs/fault-experiments-v2-2-n10/attempt-057/reviews/trial-52038ab25cb3b2a2.json;outputs/fault-experiments-v2-2-n10/attempt-057/reviews/trial-812c46ad7ca92ff8.json;outputs/fault-experiments-v2-2-n10/attempt-057/reviews/trial-d81d65e67581d8e1.json
case-e01,upstream_fault,E_expiry_compared_with_recorded_time,job_upstream_demand_provenance,select_snapshot_observations,P05,3,3,3,0,0,9,569924,84352,5910,575834,145.8886881610033,trial-385a7d706808ec82;trial-67dceb4d077e1739;trial-d059b512509a6c26,outputs/fault-experiments-v2-2-n10/attempt-057/reviews/trial-385a7d706808ec82.json;outputs/fault-experiments-v2-2-n10/attempt-057/reviews/trial-67dceb4d077e1739.json;outputs/fault-experiments-v2-2-n10/attempt-057/reviews/trial-d059b512509a6c26.json
case-e01,upstream_fault,E_expiry_compared_with_recorded_time,job_upstream_demand_provenance,select_snapshot_observations,P06,3,3,3,0,0,9,536754,84352,9457,546211,208.21642725199672,trial-86b1104f9726d725;trial-8b07211eb375291f;trial-f28cd0361ff4b754,outputs/fault-experiments-v2-2-n10/attempt-057/reviews/trial-86b1104f9726d725.json;outputs/fault-experiments-v2-2-n10/attempt-057/reviews/trial-8b07211eb375291f.json;outputs/fault-experiments-v2-2-n10/attempt-057/reviews/trial-f28cd0361ff4b754.json
case-e02,upstream_fault,E_expiry_compared_with_recorded_time,job_upstream_demand_provenance,select_snapshot_observations,P01,3,3,3,0,0,3,83182,34944,2213,85395,50.997720052997465,trial-605515f6b019b6f0;trial-af272bea4d1dbd90;trial-f2bd06adf159fcd6,outputs/fault-experiments-v2-2-n10/attempt-057/reviews/trial-605515f6b019b6f0.json;outputs/fault-experiments-v2-2-n10/attempt-057/reviews/trial-af272bea4d1dbd90.json;outputs/fault-experiments-v2-2-n10/attempt-057/reviews/trial-f2bd06adf159fcd6.json
case-e02,upstream_fault,E_expiry_compared_with_recorded_time,job_upstream_demand_provenance,select_snapshot_observations,P02,3,3,3,0,0,3,178882,34944,2333,181215,54.26125877699815,trial-013fc75e7cc29d89;trial-90b135e0540d7769;trial-f61164e160fca1ff,outputs/fault-experiments-v2-2-n10/attempt-057/reviews/trial-013fc75e7cc29d89.json;outputs/fault-experiments-v2-2-n10/attempt-057/reviews/trial-90b135e0540d7769.json;outputs/fault-experiments-v2-2-n10/attempt-057/reviews/trial-f61164e160fca1ff.json
case-e02,upstream_fault,E_expiry_compared_with_recorded_time,job_upstream_demand_provenance,select_snapshot_observations,P03,3,3,3,0,0,3,182048,34944,2328,184376,54.3260250589974,trial-1dbaddeea0e81c50;trial-39de46748e242634;trial-eca61bf62a4079c8,outputs/fault-experiments-v2-2-n10/attempt-057/reviews/trial-1dbaddeea0e81c50.json;outputs/fault-experiments-v2-2-n10/attempt-057/reviews/trial-39de46748e242634.json;outputs/fault-experiments-v2-2-n10/attempt-057/reviews/trial-eca61bf62a4079c8.json
case-e02,upstream_fault,E_expiry_compared_with_recorded_time,job_upstream_demand_provenance,select_snapshot_observations,P04,3,3,3,0,0,9,561439,84352,5932,567371,148.84309708400178,trial-5a0c8ac9313c24f9;trial-bbb9dd3dc859eb0f;trial-e4946864d7077c29,outputs/fault-experiments-v2-2-n10/attempt-057/reviews/trial-5a0c8ac9313c24f9.json;outputs/fault-experiments-v2-2-n10/attempt-057/reviews/trial-bbb9dd3dc859eb0f.json;outputs/fault-experiments-v2-2-n10/attempt-057/reviews/trial-e4946864d7077c29.json
case-e02,upstream_fault,E_expiry_compared_with_recorded_time,job_upstream_demand_provenance,select_snapshot_observations,P05,3,3,3,0,0,9,570280,104832,6099,576379,150.44555836099607,trial-0477733b42edc6d2;trial-3d0e157e6f2f3d13;trial-ff312952d527aae7,outputs/fault-experiments-v2-2-n10/attempt-057/reviews/trial-0477733b42edc6d2.json;outputs/fault-experiments-v2-2-n10/attempt-057/reviews/trial-3d0e157e6f2f3d13.json;outputs/fault-experiments-v2-2-n10/attempt-057/reviews/trial-ff312952d527aae7.json
case-e02,upstream_fault,E_expiry_compared_with_recorded_time,job_upstream_demand_provenance,select_snapshot_observations,P06,3,3,3,0,0,9,537269,104832,7274,544543,169.24890828099524,trial-282e4e1d22356c3a;trial-2fbe72eeb082e249;trial-e05ac1d0abbe0820,outputs/fault-experiments-v2-2-n10/attempt-057/reviews/trial-282e4e1d22356c3a.json;outputs/fault-experiments-v2-2-n10/attempt-057/reviews/trial-2fbe72eeb082e249.json;outputs/fault-experiments-v2-2-n10/attempt-057/reviews/trial-e05ac1d0abbe0820.json
case-v01,upstream_fault,V_oldest_repeat_retained,job_upstream_demand_provenance,reduce_source_repeats,P01,3,3,3,0,0,3,81520,34944,2437,83957,57.39408439399813,trial-429f2825669d4c7d;trial-6521401bf10cbe01;trial-eb66764d26ca110a,outputs/fault-experiments-v2-2-n10/attempt-057/reviews/trial-429f2825669d4c7d.json;outputs/fault-experiments-v2-2-n10/attempt-057/reviews/trial-6521401bf10cbe01.json;outputs/fault-experiments-v2-2-n10/attempt-057/reviews/trial-eb66764d26ca110a.json
case-v01,upstream_fault,V_oldest_repeat_retained,job_upstream_demand_provenance,reduce_source_repeats,P02,3,3,3,0,0,3,177101,34944,2378,179479,57.0357604339988,trial-2b892f11353a7183;trial-4422754a408d5e57;trial-d283231a6e4aa0e4,outputs/fault-experiments-v2-2-n10/attempt-057/reviews/trial-2b892f11353a7183.json;outputs/fault-experiments-v2-2-n10/attempt-057/reviews/trial-4422754a408d5e57.json;outputs/fault-experiments-v2-2-n10/attempt-057/reviews/trial-d283231a6e4aa0e4.json
case-v01,upstream_fault,V_oldest_repeat_retained,job_upstream_demand_provenance,reduce_source_repeats,P03,3,3,3,0,0,3,180265,24704,3954,184219,83.76446327300073,trial-1936c1484b3c2bf7;trial-1c6f3c8b2091940f;trial-f3c46b09c997085f,outputs/fault-experiments-v2-2-n10/attempt-057/reviews/trial-1936c1484b3c2bf7.json;outputs/fault-experiments-v2-2-n10/attempt-057/reviews/trial-1c6f3c8b2091940f.json;outputs/fault-experiments-v2-2-n10/attempt-057/reviews/trial-f3c46b09c997085f.json
case-v01,upstream_fault,V_oldest_repeat_retained,job_upstream_demand_provenance,reduce_source_repeats,P04,3,3,3,0,3,9,558440,104832,6578,565018,155.6361406580072,trial-66215dae07ff1e9f;trial-9a4999c2236e58a9;trial-c86a5ea1fdcaf7d5,outputs/fault-experiments-v2-2-n10/attempt-057/reviews/trial-66215dae07ff1e9f.json;outputs/fault-experiments-v2-2-n10/attempt-057/reviews/trial-9a4999c2236e58a9.json;outputs/fault-experiments-v2-2-n10/attempt-057/reviews/trial-c86a5ea1fdcaf7d5.json
case-v01,upstream_fault,V_oldest_repeat_retained,job_upstream_demand_provenance,reduce_source_repeats,P05,3,3,3,0,2,9,568314,94592,6118,574432,155.22296160599944,trial-7457821a54bb0082;trial-a8950b1ce47b76fe;trial-b54abfaca986911a,outputs/fault-experiments-v2-2-n10/attempt-057/reviews/trial-7457821a54bb0082.json;outputs/fault-experiments-v2-2-n10/attempt-057/reviews/trial-a8950b1ce47b76fe.json;outputs/fault-experiments-v2-2-n10/attempt-057/reviews/trial-b54abfaca986911a.json
case-v01,upstream_fault,V_oldest_repeat_retained,job_upstream_demand_provenance,reduce_source_repeats,P06,2,2,2,0,0,9,531926,94592,11154,543080,242.40141621800467,trial-9625a66ce6dbdf9d;trial-bfd2a5fd9cabb461;trial-d3fe7bfceba06baa,outputs/fault-experiments-v2-2-n10/attempt-057/reviews/trial-9625a66ce6dbdf9d.json;outputs/fault-experiments-v2-2-n10/attempt-057/reviews/trial-bfd2a5fd9cabb461.json;outputs/fault-experiments-v2-2-n10/attempt-057/reviews/trial-d3fe7bfceba06baa.json
case-v02,upstream_fault,V_oldest_repeat_retained,job_upstream_demand_provenance,reduce_source_repeats,P01,3,3,3,0,0,3,81695,24704,2559,84254,58.40001031099928,trial-3493f7630b3f96c3;trial-8555b4cca670148b;trial-965a2bed80f89e74,outputs/fault-experiments-v2-2-n10/attempt-057/reviews/trial-3493f7630b3f96c3.json;outputs/fault-experiments-v2-2-n10/attempt-057/reviews/trial-8555b4cca670148b.json;outputs/fault-experiments-v2-2-n10/attempt-057/reviews/trial-965a2bed80f89e74.json
case-v02,upstream_fault,V_oldest_repeat_retained,job_upstream_demand_provenance,reduce_source_repeats,P02,3,3,3,0,0,3,177279,34944,4958,182237,101.89479908000067,trial-34b07278cf65ab75;trial-36b9685accc8c28a;trial-5fa861855c31e8d6,outputs/fault-experiments-v2-2-n10/attempt-057/reviews/trial-34b07278cf65ab75.json;outputs/fault-experiments-v2-2-n10/attempt-057/reviews/trial-36b9685accc8c28a.json;outputs/fault-experiments-v2-2-n10/attempt-057/reviews/trial-5fa861855c31e8d6.json
case-v02,upstream_fault,V_oldest_repeat_retained,job_upstream_demand_provenance,reduce_source_repeats,P03,3,3,3,0,0,3,180444,34944,3632,184076,80.521397909999,trial-298d8bd4835c1c07;trial-e2c89cf3fe4b9214;trial-eae67e00b344380f,outputs/fault-experiments-v2-2-n10/attempt-057/reviews/trial-298d8bd4835c1c07.json;outputs/fault-experiments-v2-2-n10/attempt-057/reviews/trial-e2c89cf3fe4b9214.json;outputs/fault-experiments-v2-2-n10/attempt-057/reviews/trial-eae67e00b344380f.json
case-v02,upstream_fault,V_oldest_repeat_retained,job_upstream_demand_provenance,reduce_source_repeats,P04,3,3,3,0,2,9,560099,94592,6134,566233,149.09832370500044,trial-4dbe58c961389f10;trial-d9b004145a633d93;trial-fc302f0c6070ad86,outputs/fault-experiments-v2-2-n10/attempt-057/reviews/trial-4dbe58c961389f10.json;outputs/fault-experiments-v2-2-n10/attempt-057/reviews/trial-d9b004145a633d93.json;outputs/fault-experiments-v2-2-n10/attempt-057/reviews/trial-fc302f0c6070ad86.json
case-v02,upstream_fault,V_oldest_repeat_retained,job_upstream_demand_provenance,reduce_source_repeats,P05,3,3,3,0,2,9,568278,84352,7335,575613,176.98507014200095,trial-24718e9744547262;trial-d89dd2dd6daefa7d;trial-eb45bcbb65bfe20c,outputs/fault-experiments-v2-2-n10/attempt-057/reviews/trial-24718e9744547262.json;outputs/fault-experiments-v2-2-n10/attempt-057/reviews/trial-d89dd2dd6daefa7d.json;outputs/fault-experiments-v2-2-n10/attempt-057/reviews/trial-eb45bcbb65bfe20c.json
case-v02,upstream_fault,V_oldest_repeat_retained,job_upstream_demand_provenance,reduce_source_repeats,P06,2,2,2,0,0,9,532455,104832,9320,541775,207.09147183299683,trial-4945bd917107085f;trial-c1ae482c5080e5d8;trial-fe9e03e2acb86eec,outputs/fault-experiments-v2-2-n10/attempt-057/reviews/trial-4945bd917107085f.json;outputs/fault-experiments-v2-2-n10/attempt-057/reviews/trial-c1ae482c5080e5d8.json;outputs/fault-experiments-v2-2-n10/attempt-057/reviews/trial-fe9e03e2acb86eec.json
case-d01,upstream_fault,D_repeat_rank_scoped_by_source,job_upstream_demand_provenance,reduce_source_repeats,P01,3,3,3,0,0,3,80146,34944,2341,82487,54.94998103100079,trial-3e7df34d2235dfa0;trial-4e1f78e8f8a4979b;trial-98f6b46b12dd53ac,outputs/fault-experiments-v2-2-n10/attempt-057/reviews/trial-3e7df34d2235dfa0.json;outputs/fault-experiments-v2-2-n10/attempt-057/reviews/trial-4e1f78e8f8a4979b.json;outputs/fault-experiments-v2-2-n10/attempt-057/reviews/trial-98f6b46b12dd53ac.json
case-d01,upstream_fault,D_repeat_rank_scoped_by_source,job_upstream_demand_provenance,reduce_source_repeats,P02,3,3,3,0,0,3,175726,34944,4722,180448,101.91041894800037,trial-13e872ce1e524fa2;trial-5ebcbd2ec43dd378;trial-f42ed4f1b173351a,outputs/fault-experiments-v2-2-n10/attempt-057/reviews/trial-13e872ce1e524fa2.json;outputs/fault-experiments-v2-2-n10/attempt-057/reviews/trial-5ebcbd2ec43dd378.json;outputs/fault-experiments-v2-2-n10/attempt-057/reviews/trial-f42ed4f1b173351a.json
case-d01,upstream_fault,D_repeat_rank_scoped_by_source,job_upstream_demand_provenance,reduce_source_repeats,P03,3,3,3,0,0,3,178894,24704,3111,182005,69.30656892499974,trial-5a7747a6404ee24a;trial-829d35b6720dbaa5;trial-a5c512aa1a1e1c8c,outputs/fault-experiments-v2-2-n10/attempt-057/reviews/trial-5a7747a6404ee24a.json;outputs/fault-experiments-v2-2-n10/attempt-057/reviews/trial-829d35b6720dbaa5.json;outputs/fault-experiments-v2-2-n10/attempt-057/reviews/trial-a5c512aa1a1e1c8c.json
case-d01,upstream_fault,D_repeat_rank_scoped_by_source,job_upstream_demand_provenance,reduce_source_repeats,P04,3,3,3,0,2,9,554092,94592,7693,561785,177.0121734050026,trial-31be9cc8e508006c;trial-c4296f989ba638f8;trial-f49e61f10b48be52,outputs/fault-experiments-v2-2-n10/attempt-057/reviews/trial-31be9cc8e508006c.json;outputs/fault-experiments-v2-2-n10/attempt-057/reviews/trial-c4296f989ba638f8.json;outputs/fault-experiments-v2-2-n10/attempt-057/reviews/trial-f49e61f10b48be52.json
case-d01,upstream_fault,D_repeat_rank_scoped_by_source,job_upstream_demand_provenance,reduce_source_repeats,P05,3,3,3,0,3,9,563356,94592,6624,569980,159.105820357001,trial-6cca98ed10e26770;trial-c7667416177af224;trial-f47c3e6aedd4f44b,outputs/fault-experiments-v2-2-n10/attempt-057/reviews/trial-6cca98ed10e26770.json;outputs/fault-experiments-v2-2-n10/attempt-057/reviews/trial-c7667416177af224.json;outputs/fault-experiments-v2-2-n10/attempt-057/reviews/trial-f47c3e6aedd4f44b.json
case-d01,upstream_fault,D_repeat_rank_scoped_by_source,job_upstream_demand_provenance,reduce_source_repeats,P06,3,3,3,0,0,9,527799,94592,11213,539012,240.45249647099808,trial-412214e970e3afc7;trial-55fa322b98329ce6;trial-e09f353936c6c81f,outputs/fault-experiments-v2-2-n10/attempt-057/reviews/trial-412214e970e3afc7.json;outputs/fault-experiments-v2-2-n10/attempt-057/reviews/trial-55fa322b98329ce6.json;outputs/fault-experiments-v2-2-n10/attempt-057/reviews/trial-e09f353936c6c81f.json
case-d02,upstream_fault,D_repeat_rank_scoped_by_source,job_upstream_demand_provenance,reduce_source_repeats,P01,3,3,3,0,0,3,80165,24704,2992,83157,65.72208298499936,trial-9dfdefe2db03958a;trial-ba8006ec0ada5dea;trial-ddd61987f41da731,outputs/fault-experiments-v2-2-n10/attempt-057/reviews/trial-9dfdefe2db03958a.json;outputs/fault-experiments-v2-2-n10/attempt-057/reviews/trial-ba8006ec0ada5dea.json;outputs/fault-experiments-v2-2-n10/attempt-057/reviews/trial-ddd61987f41da731.json
case-d02,upstream_fault,D_repeat_rank_scoped_by_source,job_upstream_demand_provenance,reduce_source_repeats,P02,3,3,3,0,0,3,175774,34944,4518,180292,94.88089989499895,trial-55475f2f91cab37f;trial-68410941e69b87c2;trial-9b8686ac21174b94,outputs/fault-experiments-v2-2-n10/attempt-057/reviews/trial-55475f2f91cab37f.json;outputs/fault-experiments-v2-2-n10/attempt-057/reviews/trial-68410941e69b87c2.json;outputs/fault-experiments-v2-2-n10/attempt-057/reviews/trial-9b8686ac21174b94.json
case-d02,upstream_fault,D_repeat_rank_scoped_by_source,job_upstream_demand_provenance,reduce_source_repeats,P03,3,3,3,0,0,3,178942,34944,2497,181439,57.619611457000246,trial-700e8a37f5d02c38;trial-7b85a0186b3c5401;trial-d2fba51fe38f545c,outputs/fault-experiments-v2-2-n10/attempt-057/reviews/trial-700e8a37f5d02c38.json;outputs/fault-experiments-v2-2-n10/attempt-057/reviews/trial-7b85a0186b3c5401.json;outputs/fault-experiments-v2-2-n10/attempt-057/reviews/trial-d2fba51fe38f545c.json
case-d02,upstream_fault,D_repeat_rank_scoped_by_source,job_upstream_demand_provenance,reduce_source_repeats,P04,3,3,3,0,2,9,554531,74112,5827,560358,146.27359823500774,trial-3c1b0e76d2ef2e43;trial-4966e0702c5ff8cb;trial-a9b43130e729858c,outputs/fault-experiments-v2-2-n10/attempt-057/reviews/trial-3c1b0e76d2ef2e43.json;outputs/fault-experiments-v2-2-n10/attempt-057/reviews/trial-4966e0702c5ff8cb.json;outputs/fault-experiments-v2-2-n10/attempt-057/reviews/trial-a9b43130e729858c.json
case-d02,upstream_fault,D_repeat_rank_scoped_by_source,job_upstream_demand_provenance,reduce_source_repeats,P05,3,3,3,0,3,9,563176,104832,6457,569633,156.38151001300503,trial-14018ff9aea5a230;trial-9c39ca55e0bb3c4f;trial-d18ecf33952cc70d,outputs/fault-experiments-v2-2-n10/attempt-057/reviews/trial-14018ff9aea5a230.json;outputs/fault-experiments-v2-2-n10/attempt-057/reviews/trial-9c39ca55e0bb3c4f.json;outputs/fault-experiments-v2-2-n10/attempt-057/reviews/trial-d18ecf33952cc70d.json
case-d02,upstream_fault,D_repeat_rank_scoped_by_source,job_upstream_demand_provenance,reduce_source_repeats,P06,3,3,3,0,0,9,527947,104832,11049,538996,235.62410069498947,trial-24aa32298f4eba77;trial-3f7a191e03a1cf33;trial-d1852990920e78f1,outputs/fault-experiments-v2-2-n10/attempt-057/reviews/trial-24aa32298f4eba77.json;outputs/fault-experiments-v2-2-n10/attempt-057/reviews/trial-3f7a191e03a1cf33.json;outputs/fault-experiments-v2-2-n10/attempt-057/reviews/trial-d1852990920e78f1.json
case-c01,upstream_fault,C_non_cumulative_channel_cap,job_campaign_portfolio_generation,allocate_campaign_budget,P01,3,3,3,0,0,3,81678,24704,2678,84356,61.30966613799865,trial-03d1ee5333791212;trial-68085810ee48d7a4;trial-a27e0201aa0f4c86,outputs/fault-experiments-v2-2-n10/attempt-057/reviews/trial-03d1ee5333791212.json;outputs/fault-experiments-v2-2-n10/attempt-057/reviews/trial-68085810ee48d7a4.json;outputs/fault-experiments-v2-2-n10/attempt-057/reviews/trial-a27e0201aa0f4c86.json
case-c01,upstream_fault,C_non_cumulative_channel_cap,job_campaign_portfolio_generation,allocate_campaign_budget,P02,3,3,3,0,0,3,177253,34944,2567,179820,59.606408810002904,trial-2b7e1fabc4311fe7;trial-83b76070bcc3b922;trial-ab2d82f5b8f3a6d2,outputs/fault-experiments-v2-2-n10/attempt-057/reviews/trial-2b7e1fabc4311fe7.json;outputs/fault-experiments-v2-2-n10/attempt-057/reviews/trial-83b76070bcc3b922.json;outputs/fault-experiments-v2-2-n10/attempt-057/reviews/trial-ab2d82f5b8f3a6d2.json
case-c01,upstream_fault,C_non_cumulative_channel_cap,job_campaign_portfolio_generation,allocate_campaign_budget,P03,3,3,3,0,0,3,180420,34944,2151,182571,52.36004876000334,trial-50762c0607e6f29c;trial-6aa88b522d06be09;trial-e4c1a492aee2210f,outputs/fault-experiments-v2-2-n10/attempt-057/reviews/trial-50762c0607e6f29c.json;outputs/fault-experiments-v2-2-n10/attempt-057/reviews/trial-6aa88b522d06be09.json;outputs/fault-experiments-v2-2-n10/attempt-057/reviews/trial-e4c1a492aee2210f.json
case-c01,upstream_fault,C_non_cumulative_channel_cap,job_campaign_portfolio_generation,allocate_campaign_budget,P04,3,3,3,0,0,9,545408,104832,5331,550739,136.71877285799746,trial-3ad7ba2881c8a417;trial-8c9e0f784a129938;trial-f3b66e89af75c4af,outputs/fault-experiments-v2-2-n10/attempt-057/reviews/trial-3ad7ba2881c8a417.json;outputs/fault-experiments-v2-2-n10/attempt-057/reviews/trial-8c9e0f784a129938.json;outputs/fault-experiments-v2-2-n10/attempt-057/reviews/trial-f3b66e89af75c4af.json
case-c01,upstream_fault,C_non_cumulative_channel_cap,job_campaign_portfolio_generation,allocate_campaign_budget,P05,3,3,3,0,0,9,555087,102784,5754,560841,145.5708165160013,trial-6e0aa812f35fd976;trial-cbf89c22acbccfbf;trial-e983afbc4b6e5070,outputs/fault-experiments-v2-2-n10/attempt-057/reviews/trial-6e0aa812f35fd976.json;outputs/fault-experiments-v2-2-n10/attempt-057/reviews/trial-cbf89c22acbccfbf.json;outputs/fault-experiments-v2-2-n10/attempt-057/reviews/trial-e983afbc4b6e5070.json
case-c01,upstream_fault,C_non_cumulative_channel_cap,job_campaign_portfolio_generation,allocate_campaign_budget,P06,3,3,3,0,0,9,532379,94592,8508,540887,195.62672281900268,trial-9158af7b01f5c99d;trial-bfdecd4d10d24355;trial-e581825741ef45c9,outputs/fault-experiments-v2-2-n10/attempt-057/reviews/trial-9158af7b01f5c99d.json;outputs/fault-experiments-v2-2-n10/attempt-057/reviews/trial-bfdecd4d10d24355.json;outputs/fault-experiments-v2-2-n10/attempt-057/reviews/trial-e581825741ef45c9.json
case-c02,upstream_fault,C_non_cumulative_channel_cap,job_campaign_portfolio_generation,allocate_campaign_budget,P01,3,3,3,0,0,3,81691,34944,2745,84436,61.89703858499888,trial-19259755d503fc96;trial-384b9e587b456f95;trial-aa4cdb04be4694e1,outputs/fault-experiments-v2-2-n10/attempt-057/reviews/trial-19259755d503fc96.json;outputs/fault-experiments-v2-2-n10/attempt-057/reviews/trial-384b9e587b456f95.json;outputs/fault-experiments-v2-2-n10/attempt-057/reviews/trial-aa4cdb04be4694e1.json
case-c02,upstream_fault,C_non_cumulative_channel_cap,job_campaign_portfolio_generation,allocate_campaign_budget,P02,3,3,3,0,0,3,177182,34944,2067,179249,51.04498309999963,trial-33ceae08f6095835;trial-c6706e2f0d38588f;trial-d6387137b9f1889f,outputs/fault-experiments-v2-2-n10/attempt-057/reviews/trial-33ceae08f6095835.json;outputs/fault-experiments-v2-2-n10/attempt-057/reviews/trial-c6706e2f0d38588f.json;outputs/fault-experiments-v2-2-n10/attempt-057/reviews/trial-d6387137b9f1889f.json
case-c02,upstream_fault,C_non_cumulative_channel_cap,job_campaign_portfolio_generation,allocate_campaign_budget,P03,3,3,3,0,0,3,180352,34944,2624,182976,59.93518507399858,trial-49f8d3b7c08b1aff;trial-5c54ff88eb742775;trial-fa0fa8eb65f31633,outputs/fault-experiments-v2-2-n10/attempt-057/reviews/trial-49f8d3b7c08b1aff.json;outputs/fault-experiments-v2-2-n10/attempt-057/reviews/trial-5c54ff88eb742775.json;outputs/fault-experiments-v2-2-n10/attempt-057/reviews/trial-fa0fa8eb65f31633.json
case-c02,upstream_fault,C_non_cumulative_channel_cap,job_campaign_portfolio_generation,allocate_campaign_budget,P04,3,3,3,0,0,9,545163,94592,5381,550544,137.94258452700433,trial-694a9854569febd7;trial-6a5a2f46d0df87a8;trial-a9e6e486c7f9166c,outputs/fault-experiments-v2-2-n10/attempt-057/reviews/trial-694a9854569febd7.json;outputs/fault-experiments-v2-2-n10/attempt-057/reviews/trial-6a5a2f46d0df87a8.json;outputs/fault-experiments-v2-2-n10/attempt-057/reviews/trial-a9e6e486c7f9166c.json
case-c02,upstream_fault,C_non_cumulative_channel_cap,job_campaign_portfolio_generation,allocate_campaign_budget,P05,3,3,3,0,0,9,554577,104832,6107,560684,148.74890924899955,trial-3a4a0f226771e6dc;trial-76c16ca309b69b8d;trial-eb890aab70e27400,outputs/fault-experiments-v2-2-n10/attempt-057/reviews/trial-3a4a0f226771e6dc.json;outputs/fault-experiments-v2-2-n10/attempt-057/reviews/trial-76c16ca309b69b8d.json;outputs/fault-experiments-v2-2-n10/attempt-057/reviews/trial-eb890aab70e27400.json
case-c02,upstream_fault,C_non_cumulative_channel_cap,job_campaign_portfolio_generation,allocate_campaign_budget,P06,3,3,3,0,0,9,532176,84352,7255,539431,167.79198149900367,trial-6d09a71b9abf31f9;trial-a61aab90d699a078;trial-fc81866953ed12fc,outputs/fault-experiments-v2-2-n10/attempt-057/reviews/trial-6d09a71b9abf31f9.json;outputs/fault-experiments-v2-2-n10/attempt-057/reviews/trial-a61aab90d699a078.json;outputs/fault-experiments-v2-2-n10/attempt-057/reviews/trial-fc81866953ed12fc.json
