trial_id,instance,cell_id,repetition,designation,fault_mechanism,fault_detected,correct_job_attribution,exact_function_localisation,false_positive,suspect_job,suspect_function,pre_fault_detected,pre_suspect_job,pre_suspect_function,answer_changed,selected_group_contained_truth_state,selected_artifact_was_truth_state,artifact_ref,inspection,artifact_bytes_returned,provider_calls,latency_seconds,input_tokens,cached_input_tokens,output_tokens,total_tokens,difficulty_tier
trial-3ac80c11ce821783,case-e01,P03,2,upstream_fault,E_expiry_compared_with_recorded_time,True,True,True,False,job_1,select_snapshot_observations,True,job_1,select_snapshot_observations,False,False,False,,,0,1,18.04611376699995,60627,1408,761,61388,prespecified_data_dependent
trial-8555b4cca670148b,case-v02,P01,2,upstream_fault,V_oldest_repeat_retained,True,True,True,False,job_1,reduce_source_repeats,True,job_1,reduce_source_repeats,False,False,False,,,0,1,20.053916269000183,27232,1408,863,28095,prespecified_data_dependent
trial-42f379c2454a5c88,case-s02,P02,2,upstream_fault,S_recorded_time_snapshot_substitution,True,True,True,False,job_1,select_snapshot_observations,True,job_1,select_snapshot_observations,False,False,False,,,0,1,18.92647904200021,59651,1408,804,60455,prespecified_data_dependent
trial-4966e0702c5ff8cb,case-d02,P04,3,upstream_fault,D_repeat_rank_scoped_by_source,True,True,True,False,job_1,reduce_source_repeats,False,,,True,True,False,art-be706d81dc28979f,read,2428,3,52.14189884500047,184633,14464,2036,186669,prespecified_data_dependent
trial-7b85a0186b3c5401,case-d02,P03,2,upstream_fault,D_repeat_rank_scoped_by_source,True,True,True,False,job_1,reduce_source_repeats,True,job_1,reduce_source_repeats,False,False,False,,,0,1,19.32802228899982,59647,11648,843,60490,prespecified_data_dependent
trial-5a7747a6404ee24a,case-d01,P03,2,upstream_fault,D_repeat_rank_scoped_by_source,True,True,True,False,job_1,reduce_source_repeats,True,job_1,reduce_source_repeats,False,False,False,,,0,1,21.104230741999345,59631,1408,904,60535,prespecified_data_dependent
trial-d89dd2dd6daefa7d,case-v02,P05,1,upstream_fault,V_oldest_repeat_retained,True,True,True,False,job_1,reduce_source_repeats,False,,,True,True,False,art-20640e4066f1847f,read,2361,3,58.76722964400051,189439,14464,2420,191859,prespecified_data_dependent
trial-c6706e2f0d38588f,case-c02,P02,3,upstream_fault,C_non_cumulative_channel_cap,True,False,False,False,job_3,allocate_campaign_budget,True,job_3,allocate_campaign_budget,False,False,False,,,0,1,16.289420658999916,59060,11648,592,59652,prespecified_data_dependent
trial-700e8a37f5d02c38,case-d02,P03,1,upstream_fault,D_repeat_rank_scoped_by_source,True,True,True,False,job_1,reduce_source_repeats,True,job_1,reduce_source_repeats,False,False,False,,,0,1,19.065346235000106,59648,11648,809,60457,prespecified_data_dependent
trial-dd6c9e1fc9f23bd5,case-control-04,P03,3,matched_clean_control,,False,False,False,False,,,False,,,False,False,False,,,0,1,37.92444828099997,60199,11648,1792,61991,
trial-4ab8cd8af900284e,case-control-02,P02,1,matched_clean_control,,False,False,False,False,,,False,,,False,False,False,,,0,1,27.980970881999383,59031,11648,1294,60325,
trial-cd3113157a34b18a,case-s02,P02,1,upstream_fault,S_recorded_time_snapshot_substitution,True,True,True,False,job_1,select_snapshot_observations,True,job_1,select_snapshot_observations,False,False,False,,,0,1,18.68136818399944,59652,11648,779,60431,prespecified_data_dependent
trial-a1ca4356efc232dd,case-r02,P02,2,upstream_fault,R_premature_contribution_rounding,False,False,False,False,,,False,,,False,False,False,,,0,1,55.03692539500025,59120,11648,2830,61950,prespecified_data_dependent
trial-4da4e8251c64187a,case-control-03,P04,1,matched_clean_control,,False,False,False,False,,,False,,,False,False,False,art-5a2a4d81a9f1b963,read,1764,3,57.865739283999574,183497,24704,2442,185939,
trial-163c72d85dce7c90,case-control-01,P06,2,matched_clean_control,,False,False,False,False,,,False,,,False,False,False,,,0,3,102.7960746230001,177519,14464,4761,182280,
trial-694a9854569febd7,case-c02,P04,2,upstream_fault,C_non_cumulative_channel_cap,True,False,False,False,job_3,allocate_campaign_budget,False,,,True,True,False,art-fa0ced0fbf4b7c52,read,669,3,47.69273432799946,181668,24704,1955,183623,prespecified_data_dependent
trial-0e67ba1bb71af700,case-r02,P03,3,upstream_fault,R_premature_contribution_rounding,False,False,False,False,,,False,,,False,False,False,,,0,1,74.98093165800037,60175,11648,3950,64125,prespecified_data_dependent
trial-83d2bb893a872815,case-control-03,P06,2,matched_clean_control,,False,False,False,False,,,False,,,False,False,False,,,0,3,104.98074759000338,177368,24704,5086,182454,
trial-e70896954b7c97bb,case-control-03,P02,2,matched_clean_control,,False,False,False,False,,,False,,,False,False,False,,,0,1,26.64421429399954,59054,11648,1256,60310,
trial-f47c3e6aedd4f44b,case-d01,P05,1,upstream_fault,D_repeat_rank_scoped_by_source,True,True,True,False,job_1,reduce_source_repeats,False,,,True,True,False,art-77f741dbb7f33d92,read,2413,3,59.212112173001515,187782,34944,2551,190333,prespecified_data_dependent
trial-6a5a2f46d0df87a8,case-c02,P04,3,upstream_fault,C_non_cumulative_channel_cap,True,False,False,False,job_3,allocate_campaign_budget,False,,,True,True,False,art-fa0ced0fbf4b7c52,read,912,3,43.71823200200015,181743,34944,1470,183213,prespecified_data_dependent
trial-7743f6d73fb5dc60,case-e01,P03,3,upstream_fault,E_expiry_compared_with_recorded_time,True,True,True,False,job_1,select_snapshot_observations,True,job_1,select_snapshot_observations,False,False,False,,,0,1,25.631147735999548,60626,11648,1198,61824,prespecified_data_dependent
trial-a27e0201aa0f4c86,case-c01,P01,1,upstream_fault,C_non_cumulative_channel_cap,True,False,False,False,job_3,allocate_campaign_budget,True,job_3,allocate_campaign_budget,False,False,False,,,0,1,26.041001461000633,27226,11648,1175,28401,prespecified_data_dependent
trial-3c1b0e76d2ef2e43,case-d02,P04,2,upstream_fault,D_repeat_rank_scoped_by_source,True,True,True,False,job_1,reduce_source_repeats,False,,,True,True,False,art-be706d81dc28979f,read,2594,3,48.13562044600258,184746,24704,1958,186704,prespecified_data_dependent
trial-eae67e00b344380f,case-v02,P03,3,upstream_fault,V_oldest_repeat_retained,True,True,True,False,job_1,reduce_source_repeats,True,job_1,reduce_source_repeats,False,False,False,,,0,1,19.103945552998994,60148,11648,789,60937,prespecified_data_dependent
trial-de5b18711c6ec00f,case-r01,P04,3,upstream_fault,R_premature_contribution_rounding,False,False,False,False,,,False,,,False,True,True,art-b2cd375f26d4fb9e,read,3905,3,49.10025708899957,203033,4224,1977,205010,prespecified_data_dependent
trial-8c9e0f784a129938,case-c01,P04,2,upstream_fault,C_non_cumulative_channel_cap,True,False,False,False,job_3,allocate_campaign_budget,False,,,True,True,False,art-7a17afe077e15b82,read,669,3,50.292523897996944,181753,34944,1990,183743,prespecified_data_dependent
trial-b5f14858a3a519cf,case-r01,P02,2,upstream_fault,R_premature_contribution_rounding,False,False,False,False,,,False,,,False,False,False,,,0,1,61.46517998499985,59103,11648,3174,62277,prespecified_data_dependent
trial-e6ba7fa46bd0cd4d,case-control-04,P02,1,matched_clean_control,,False,False,False,False,,,False,,,False,False,False,,,0,1,27.65593982000064,59141,11648,1308,60449,
trial-ff312952d527aae7,case-e02,P05,1,upstream_fault,E_expiry_compared_with_recorded_time,True,True,True,False,job_1,select_snapshot_observations,False,,,True,True,False,art-4729f9b92acd7900,read,4548,3,47.3765959989978,190726,34944,1896,192622,prespecified_data_dependent
trial-298d8bd4835c1c07,case-v02,P03,2,upstream_fault,V_oldest_repeat_retained,True,True,True,False,job_1,reduce_source_repeats,True,job_1,reduce_source_repeats,False,False,False,,,0,1,19.723273292000158,60147,11648,797,60944,prespecified_data_dependent
trial-a458c44c19629ad6,case-control-04,P03,2,matched_clean_control,,False,False,False,False,,,False,,,False,False,False,,,0,1,46.6394463430006,60199,11648,2347,62546,
trial-33ceae08f6095835,case-c02,P02,2,upstream_fault,C_non_cumulative_channel_cap,True,False,False,False,job_3,allocate_campaign_budget,True,job_3,allocate_campaign_budget,False,False,False,,,0,1,16.84006295799918,59060,11648,713,59773,prespecified_data_dependent
trial-9158af7b01f5c99d,case-c01,P06,3,upstream_fault,C_non_cumulative_channel_cap,True,False,False,False,job_3,allocate_campaign_budget,True,job_3,allocate_campaign_budget,False,False,False,,,0,3,58.06342404499992,177458,34944,2533,179991,prespecified_data_dependent
trial-c7ef16a0c01bcc4b,case-s01,P02,2,upstream_fault,S_recorded_time_snapshot_substitution,True,True,True,False,job_1,select_snapshot_observations,True,job_1,select_snapshot_observations,False,False,False,,,0,1,15.87658981900131,59727,11648,662,60389,prespecified_data_dependent
trial-8f294ef404954926,case-s02,P01,2,upstream_fault,S_recorded_time_snapshot_substitution,True,True,True,False,job_1,select_snapshot_observations,True,job_1,select_snapshot_observations,False,False,False,,,0,1,17.66939027800072,27743,11648,760,28503,prespecified_data_dependent
trial-afefca2f13219cb3,case-control-03,P02,1,matched_clean_control,,False,False,False,False,,,False,,,False,False,False,,,0,1,51.76074619799874,59055,11648,2303,61358,
trial-cddd1df2e80891db,case-control-04,P06,1,matched_clean_control,,False,False,False,False,,,False,,,False,False,False,,,0,3,92.81828070699885,177633,34944,4281,181914,
trial-1dbaddeea0e81c50,case-e02,P03,1,upstream_fault,E_expiry_compared_with_recorded_time,True,True,True,False,job_1,select_snapshot_observations,True,job_1,select_snapshot_observations,False,False,False,,,0,1,17.466735696998512,60684,11648,753,61437,prespecified_data_dependent
trial-a8950b1ce47b76fe,case-v01,P05,3,upstream_fault,V_oldest_repeat_retained,True,True,True,False,job_1,reduce_source_repeats,False,,,True,True,False,art-9f8c8ba8a4049bae,read,2578,3,53.2895288969994,189325,34944,2066,191391,prespecified_data_dependent
trial-bc5f0914e38829ee,case-control-02,P01,2,matched_clean_control,,False,False,False,False,,,False,,,False,False,False,,,0,1,28.580420333999427,27194,11648,1274,28468,
trial-d0c1c6579970fb9b,case-control-03,P05,3,matched_clean_control,,False,False,False,False,,,False,,,False,False,False,art-5a2a4d81a9f1b963,read,1646,3,63.212814542999695,186630,24704,2640,189270,
trial-7c6339be39f3ccde,case-control-01,P02,1,matched_clean_control,,False,False,False,False,,,False,,,False,False,False,,,0,1,28.45602823399895,59104,11648,1254,60358,
trial-954057af9de287fe,case-control-02,P01,3,matched_clean_control,,False,False,False,False,,,False,,,False,False,False,,,0,1,34.06860953400064,27195,11648,1675,28870,
trial-f06a0f9a6bf42d27,case-control-04,P02,2,matched_clean_control,,False,False,False,False,,,False,,,False,False,False,,,0,1,16.756780732999687,59141,11648,697,59838,
trial-13e872ce1e524fa2,case-d01,P02,1,upstream_fault,D_repeat_rank_scoped_by_source,True,True,True,False,job_1,reduce_source_repeats,True,job_1,reduce_source_repeats,False,False,False,,,0,1,17.980580000001282,58576,11648,777,59353,prespecified_data_dependent
trial-52b784d32b65fce7,case-control-02,P01,1,matched_clean_control,,False,False,False,False,,,False,,,False,False,False,,,0,1,18.09272966500066,27195,1408,781,27976,
trial-d9716cc5f2234cb0,case-control-04,P06,2,matched_clean_control,,False,False,False,False,,,False,,,False,False,False,,,0,3,80.02899335999973,177637,24704,3688,181325,
trial-d3fe7bfceba06baa,case-v01,P06,3,upstream_fault,V_oldest_repeat_retained,True,True,True,False,job_1,reduce_source_repeats,True,job_1,reduce_source_repeats,False,False,False,,,0,3,91.11304074100008,177308,34944,4208,181516,prespecified_data_dependent
trial-535a67e766a0a7f5,case-control-04,P01,1,matched_clean_control,,False,False,False,False,,,False,,,False,False,False,,,0,1,52.113570665000225,27249,11648,2277,29526,
trial-3d0e157e6f2f3d13,case-e02,P05,2,upstream_fault,E_expiry_compared_with_recorded_time,True,True,True,False,job_1,select_snapshot_observations,False,,,True,True,False,art-4729f9b92acd7900,read,906,3,51.80401440700007,189446,34944,2192,191638,prespecified_data_dependent
trial-aeb3bbfb360973db,case-s01,P06,1,upstream_fault,S_recorded_time_snapshot_substitution,True,True,True,False,job_1,select_snapshot_observations,True,job_1,select_snapshot_observations,False,False,False,,,0,3,52.12106018900158,179386,24704,2174,181560,prespecified_data_dependent
trial-267056c6f49e7858,case-control-04,P01,3,matched_clean_control,,False,False,False,False,,,False,,,False,False,False,,,0,1,35.678155008999966,27249,11648,1772,29021,
trial-6cca98ed10e26770,case-d01,P05,3,upstream_fault,D_repeat_rank_scoped_by_source,True,True,True,False,job_1,reduce_source_repeats,False,,,True,True,False,art-77f741dbb7f33d92,read,2562,3,49.430639390999204,187793,24704,2051,189844,prespecified_data_dependent
trial-a82ad7c3ae07d21e,case-s02,P04,2,upstream_fault,S_recorded_time_snapshot_substitution,True,True,True,False,job_1,select_snapshot_observations,False,,,True,True,False,art-735bb8317d15d2ac,read,2444,3,50.12293055700138,186938,34944,1983,188921,prespecified_data_dependent
trial-0bcf8f9243326d63,case-control-02,P04,2,matched_clean_control,,False,False,False,False,,,False,,,False,False,False,art-3fbf3d5826b830c4,full,3451,3,65.39155617599863,186426,24704,2923,189349,
trial-d283231a6e4aa0e4,case-v01,P02,3,upstream_fault,V_oldest_repeat_retained,True,True,True,False,job_1,reduce_source_repeats,True,job_1,reduce_source_repeats,False,False,False,,,0,1,19.522844488999908,59034,11648,790,59824,prespecified_data_dependent
trial-42d21a58ec81fc32,case-control-02,P02,2,matched_clean_control,,False,False,False,False,,,False,,,False,False,False,,,0,1,37.22588237999844,59032,11648,1834,60866,
trial-f4033b3234286a7f,case-control-01,P06,1,matched_clean_control,,False,False,False,False,,,False,,,False,False,False,,,0,3,78.72756314399885,177522,34944,3682,181204,
trial-50762c0607e6f29c,case-c01,P03,1,upstream_fault,C_non_cumulative_channel_cap,True,False,False,False,job_3,allocate_campaign_budget,True,job_3,allocate_campaign_budget,False,False,False,,,0,1,18.935787321001044,60139,11648,815,60954,prespecified_data_dependent
trial-42d187c1e0e04dba,case-control-04,P02,3,matched_clean_control,,False,False,False,False,,,False,,,False,False,False,,,0,1,40.76540103099978,59142,11648,2033,61175,
trial-3fbf01d27dab9113,case-s01,P03,2,upstream_fault,S_recorded_time_snapshot_substitution,True,True,True,False,job_1,select_snapshot_observations,True,job_1,select_snapshot_observations,False,False,False,,,0,1,18.735886878999736,60784,11648,778,61562,prespecified_data_dependent
trial-39de46748e242634,case-e02,P03,3,upstream_fault,E_expiry_compared_with_recorded_time,True,True,True,False,job_1,select_snapshot_observations,True,job_1,select_snapshot_observations,False,False,False,,,0,1,18.432058596999923,60682,11648,780,61462,prespecified_data_dependent
trial-81eec7c63e91bee9,case-control-01,P06,3,matched_clean_control,,False,False,False,False,,,False,,,False,False,False,,,0,3,84.6111294530001,177520,34944,3973,181493,
trial-e09f353936c6c81f,case-d01,P06,2,upstream_fault,D_repeat_rank_scoped_by_source,True,True,True,False,job_1,reduce_source_repeats,True,job_1,reduce_source_repeats,False,False,False,,,0,3,94.82098926000072,175932,34944,4518,180450,prespecified_data_dependent
trial-19259755d503fc96,case-c02,P01,3,upstream_fault,C_non_cumulative_channel_cap,True,False,False,False,job_3,allocate_campaign_budget,True,job_3,allocate_campaign_budget,False,False,False,,,0,1,17.32342501600033,27230,11648,741,27971,prespecified_data_dependent
trial-e4946864d7077c29,case-e02,P04,1,upstream_fault,E_expiry_compared_with_recorded_time,True,True,True,False,job_1,select_snapshot_observations,False,,,True,True,False,art-4729f9b92acd7900,read,4548,3,48.32633460500074,187554,34944,2001,189555,prespecified_data_dependent
trial-83b76070bcc3b922,case-c01,P02,3,upstream_fault,C_non_cumulative_channel_cap,True,False,False,False,job_3,allocate_campaign_budget,True,job_3,allocate_campaign_budget,False,False,False,,,0,1,18.19071201100087,59085,11648,775,59860,prespecified_data_dependent
trial-7ca40f049a34c250,case-s01,P05,3,upstream_fault,S_recorded_time_snapshot_substitution,True,True,True,False,job_1,select_snapshot_observations,False,,,True,True,True,art-a035c8cb80fbe41e,read,3288,3,50.223714808000295,190590,34944,1990,192580,prespecified_data_dependent
trial-f3b66e89af75c4af,case-c01,P04,1,upstream_fault,C_non_cumulative_channel_cap,True,False,False,False,job_3,allocate_campaign_budget,False,,,True,True,False,art-7a17afe077e15b82,full,909,3,42.13308564199906,181826,34944,1639,183465,prespecified_data_dependent
trial-f61164e160fca1ff,case-e02,P02,3,upstream_fault,E_expiry_compared_with_recorded_time,True,True,True,False,job_1,select_snapshot_observations,True,job_1,select_snapshot_observations,False,False,False,,,0,1,17.718754879999324,59628,11648,756,60384,prespecified_data_dependent
trial-9543d68be958c957,case-s01,P04,3,upstream_fault,S_recorded_time_snapshot_substitution,True,True,True,False,job_1,select_snapshot_observations,False,,,True,True,False,art-4e883058aae35a5a,read,2444,3,45.405349751996255,187122,34944,1855,188977,prespecified_data_dependent
trial-69f4139fe4aff5fa,case-control-01,P03,2,matched_clean_control,,False,False,False,False,,,False,,,False,False,False,,,0,1,25.27813478600001,60161,11648,1184,61345,
trial-d81d65e67581d8e1,case-e01,P04,1,upstream_fault,E_expiry_compared_with_recorded_time,True,True,True,False,job_1,select_snapshot_observations,False,,,True,True,False,art-fa9c9b81f5442a7e,read,2299,3,59.46229718200084,186670,34944,2549,189219,prespecified_data_dependent
trial-4945bd917107085f,case-v02,P06,1,upstream_fault,V_oldest_repeat_retained,False,False,False,False,,,True,job_1,reduce_source_repeats,True,False,False,,,0,3,60.516136201000336,177486,34944,2619,180105,prespecified_data_dependent
trial-951566f213689f05,case-control-02,P03,2,matched_clean_control,,False,False,False,False,,,False,,,False,False,False,,,0,1,47.45120336100081,60089,11648,2390,62479,
trial-cbf89c22acbccfbf,case-c01,P05,2,upstream_fault,C_non_cumulative_channel_cap,True,False,False,False,job_3,allocate_campaign_budget,False,,,True,True,True,art-8aeb6e9cb4f3e12f,read,826,3,50.94368124100038,184992,34944,1985,186977,prespecified_data_dependent
trial-e05ac1d0abbe0820,case-e02,P06,2,upstream_fault,E_expiry_compared_with_recorded_time,True,True,True,False,job_1,select_snapshot_observations,True,job_1,select_snapshot_observations,False,False,False,,,0,3,66.50683316100003,179090,34944,2929,182019,prespecified_data_dependent
trial-98f6b46b12dd53ac,case-d01,P01,3,upstream_fault,D_repeat_rank_scoped_by_source,True,True,True,False,job_1,reduce_source_repeats,True,job_1,reduce_source_repeats,False,False,False,,,0,1,18.096486750000622,26716,11648,779,27495,prespecified_data_dependent
trial-ae724c856bcdffa6,case-s01,P01,2,upstream_fault,S_recorded_time_snapshot_substitution,True,True,True,False,job_1,select_snapshot_observations,True,job_1,select_snapshot_observations,False,False,False,,,0,1,17.340701434000948,27855,11648,762,28617,prespecified_data_dependent
trial-694465525fa43bf8,case-r01,P02,3,upstream_fault,R_premature_contribution_rounding,True,True,True,False,job_1,weight_source_reliability,True,job_1,weight_source_reliability,False,False,False,,,0,1,83.03508798800067,59103,11648,4396,63499,prespecified_data_dependent
trial-86b1104f9726d725,case-e01,P06,2,upstream_fault,E_expiry_compared_with_recorded_time,True,True,True,False,job_1,select_snapshot_observations,True,job_1,select_snapshot_observations,False,False,False,,,0,3,66.8709592539999,178918,24704,3050,181968,prespecified_data_dependent
trial-f399467170fefe0d,case-control-04,P05,2,matched_clean_control,,False,False,False,False,,,False,,,False,False,False,art-3fa6fc2f00ca34a3,read,1279,3,47.98743898000066,185325,34944,1904,187229,
trial-cc1121fed654c897,case-control-01,P04,3,matched_clean_control,,False,False,False,False,,,False,,,False,False,False,art-92027ff8911f77b3,read,1762,3,57.89132695099943,183577,34944,2475,186052,
trial-4dbe58c961389f10,case-v02,P04,1,upstream_fault,V_oldest_repeat_retained,True,True,True,False,job_1,reduce_source_repeats,False,,,True,True,False,art-20640e4066f1847f,read,3468,3,49.734605077001106,186625,34944,2057,188682,prespecified_data_dependent
trial-a61aab90d699a078,case-c02,P06,2,upstream_fault,C_non_cumulative_channel_cap,True,False,False,False,job_3,allocate_campaign_budget,True,job_3,allocate_campaign_budget,False,False,False,,,0,3,52.05543227899943,177394,34944,2201,179595,prespecified_data_dependent
trial-3e7df34d2235dfa0,case-d01,P01,1,upstream_fault,D_repeat_rank_scoped_by_source,True,True,True,False,job_1,reduce_source_repeats,True,job_1,reduce_source_repeats,False,False,False,,,0,1,18.411039691000042,26715,11648,797,27512,prespecified_data_dependent
trial-5fa861855c31e8d6,case-v02,P02,3,upstream_fault,V_oldest_repeat_retained,True,True,True,False,job_1,reduce_source_repeats,True,job_1,reduce_source_repeats,False,False,False,,,0,1,27.861141518000295,59093,11648,1325,60418,prespecified_data_dependent
trial-a16ed060b2839733,case-control-02,P03,1,matched_clean_control,,False,False,False,False,,,False,,,False,False,False,,,0,1,51.83704045000013,60088,11648,2664,62752,
trial-eb66764d26ca110a,case-v01,P01,3,upstream_fault,V_oldest_repeat_retained,True,True,True,False,job_1,reduce_source_repeats,True,job_1,reduce_source_repeats,False,False,False,,,0,1,18.727404594999825,27173,11648,797,27970,prespecified_data_dependent
trial-17e373124c8d943a,case-r01,P01,2,upstream_fault,R_premature_contribution_rounding,False,False,False,False,,,False,,,False,False,False,,,0,1,36.57457283199983,27218,11648,1826,29044,prespecified_data_dependent
trial-69c65b25601c2599,case-control-04,P05,1,matched_clean_control,,False,False,False,False,,,False,,,False,False,False,art-8cd6907045bb8f38,read,1646,3,48.63610750400039,186876,24704,1914,188790,
trial-e56dfe95bad82901,case-control-03,P01,2,matched_clean_control,,False,False,False,False,,,False,,,False,False,False,,,0,1,26.475126538998666,27227,11648,1261,28488,
trial-b0318fa900d05ddb,case-r01,P05,3,upstream_fault,R_premature_contribution_rounding,True,True,True,False,job_1,weight_source_reliability,False,,,True,True,False,art-133083eb8efc81cf,read,473,3,88.28273713600174,205000,34944,4117,209117,prespecified_data_dependent
trial-8a873c53f8972289,case-r02,P02,1,upstream_fault,R_premature_contribution_rounding,False,False,False,False,,,False,,,False,False,False,,,0,1,36.690477740999995,59119,1408,1807,60926,prespecified_data_dependent
trial-495a5b15a25baeac,case-control-04,P05,3,matched_clean_control,,False,False,False,False,,,False,,,False,False,False,art-8cd6907045bb8f38,read,1764,3,63.62028906899832,186922,34944,2831,189753,
trial-ab2d82f5b8f3a6d2,case-c01,P02,1,upstream_fault,C_non_cumulative_channel_cap,True,False,False,False,job_3,allocate_campaign_budget,True,job_3,allocate_campaign_budget,False,False,False,,,0,1,18.374189351001405,59084,11648,769,59853,prespecified_data_dependent
trial-676d5b7aa5c2ef95,case-r01,P03,1,upstream_fault,R_premature_contribution_rounding,False,False,False,False,,,False,,,False,False,False,,,0,1,47.57657845999893,60158,11648,2395,62553,prespecified_data_dependent
trial-1b7dafb2b0275a1f,case-control-02,P05,2,matched_clean_control,,False,False,False,False,,,False,,,False,False,False,art-bfdf6ab462c35705,read,1764,3,79.85581817699858,186587,34944,3577,190164,
trial-d2fa84b17ca1535a,case-r02,P01,2,upstream_fault,R_premature_contribution_rounding,False,False,False,False,,,False,,,False,False,False,,,0,1,73.21879088300011,27163,11648,3862,31025,prespecified_data_dependent
trial-36ab263327d85c18,case-r02,P02,3,upstream_fault,R_premature_contribution_rounding,True,True,True,False,job_1,weight_source_reliability,True,job_1,weight_source_reliability,False,False,False,,,0,1,66.72391060200061,59119,11648,3479,62598,prespecified_data_dependent
trial-384b9e587b456f95,case-c02,P01,1,upstream_fault,C_non_cumulative_channel_cap,True,False,False,False,job_3,allocate_campaign_budget,True,job_3,allocate_campaign_budget,False,False,False,,,0,1,18.576079251999545,27230,11648,764,27994,prespecified_data_dependent
trial-fe9e03e2acb86eec,case-v02,P06,3,upstream_fault,V_oldest_repeat_retained,True,True,True,False,job_1,reduce_source_repeats,True,job_1,reduce_source_repeats,False,False,False,,,0,3,91.08184978999816,177485,34944,4293,181778,prespecified_data_dependent
trial-3d8f609ff7817aef,case-s02,P01,1,upstream_fault,S_recorded_time_snapshot_substitution,True,True,True,False,job_1,select_snapshot_observations,True,job_1,select_snapshot_observations,False,False,False,,,0,1,18.115622322999116,27744,11648,769,28513,prespecified_data_dependent
trial-55fa322b98329ce6,case-d01,P06,1,upstream_fault,D_repeat_rank_scoped_by_source,True,True,True,False,job_1,reduce_source_repeats,True,job_1,reduce_source_repeats,False,False,False,,,0,3,93.24950518199876,175934,34944,4494,180428,prespecified_data_dependent
trial-2e5753e3a5d9e6f2,case-control-04,P04,2,matched_clean_control,,False,False,False,False,,,False,,,False,False,False,art-e50dbfac8577e242,read,3944,3,60.367147449000186,201634,24704,2561,204195,
trial-f3c46b09c997085f,case-v01,P03,2,upstream_fault,V_oldest_repeat_retained,True,True,True,False,job_1,reduce_source_repeats,True,job_1,reduce_source_repeats,False,False,False,,,0,1,37.91880440100067,60089,1408,1848,61937,prespecified_data_dependent
trial-385a7d706808ec82,case-e01,P05,1,upstream_fault,E_expiry_compared_with_recorded_time,True,True,True,False,job_1,select_snapshot_observations,False,,,True,True,False,art-fa9c9b81f5442a7e,read,2646,3,48.35548201399797,189976,34944,1957,191933,prespecified_data_dependent
trial-cc5f318b111fda59,case-control-04,P01,2,matched_clean_control,,False,False,False,False,,,False,,,False,False,False,,,0,1,53.859370137999576,27249,11648,2753,30002,
trial-ddd61987f41da731,case-d02,P01,3,upstream_fault,D_repeat_rank_scoped_by_source,True,True,True,False,job_1,reduce_source_repeats,True,job_1,reduce_source_repeats,False,False,False,,,0,1,18.8760596230004,26722,1408,809,27531,prespecified_data_dependent
trial-9b8686ac21174b94,case-d02,P02,1,upstream_fault,D_repeat_rank_scoped_by_source,True,True,True,False,job_1,reduce_source_repeats,True,job_1,reduce_source_repeats,False,False,False,,,0,1,38.36264847200073,58591,11648,1897,60488,prespecified_data_dependent
trial-e2c89cf3fe4b9214,case-v02,P03,1,upstream_fault,V_oldest_repeat_retained,True,True,True,False,job_1,reduce_source_repeats,True,job_1,reduce_source_repeats,False,False,False,,,0,1,41.694179064999844,60149,11648,2046,62195,prespecified_data_dependent
trial-9c9220f5e49f2901,case-r01,P06,1,upstream_fault,R_premature_contribution_rounding,False,False,False,False,,,False,,,False,False,False,,,0,3,105.8600394080022,177519,34944,5152,182671,prespecified_data_dependent
trial-8e58b9e6b20f7840,case-control-03,P03,1,matched_clean_control,,False,False,False,False,,,False,,,False,False,False,,,0,1,18.77959521699995,60110,11648,797,60907,
trial-90b135e0540d7769,case-e02,P02,2,upstream_fault,E_expiry_compared_with_recorded_time,True,True,True,False,job_1,select_snapshot_observations,True,job_1,select_snapshot_observations,False,False,False,,,0,1,17.41964691600151,59628,11648,734,60362,prespecified_data_dependent
trial-cb1d258ac6301968,case-r01,P06,3,upstream_fault,R_premature_contribution_rounding,False,False,False,False,,,False,,,False,False,False,,,0,3,108.07817999200233,177517,14464,5182,182699,prespecified_data_dependent
trial-1d382138acca58e7,case-s02,P06,1,upstream_fault,S_recorded_time_snapshot_substitution,True,True,True,False,job_1,select_snapshot_observations,True,job_1,select_snapshot_observations,False,False,False,,,0,3,51.213388471000144,179160,34944,2101,181261,prespecified_data_dependent
trial-6d09a71b9abf31f9,case-c02,P06,1,upstream_fault,C_non_cumulative_channel_cap,True,False,False,False,job_3,allocate_campaign_budget,True,job_3,allocate_campaign_budget,False,False,False,,,0,3,54.72553301000153,177390,14464,2323,179713,prespecified_data_dependent
trial-66beb04cc8102e81,case-control-04,P06,3,matched_clean_control,,False,False,False,False,,,False,,,False,False,False,,,0,3,108.30817870499959,177635,14464,5219,182854,
trial-aad785966d802a9d,case-e01,P01,1,upstream_fault,E_expiry_compared_with_recorded_time,True,True,True,False,job_1,select_snapshot_observations,True,job_1,select_snapshot_observations,False,False,False,,,0,1,18.41325974100073,27708,11648,793,28501,prespecified_data_dependent
trial-bbb9dd3dc859eb0f,case-e02,P04,3,upstream_fault,E_expiry_compared_with_recorded_time,True,True,True,False,job_1,select_snapshot_observations,False,,,True,True,False,art-4729f9b92acd7900,read,2646,3,51.083024548999674,186945,14464,1982,188927,prespecified_data_dependent
trial-4a888cadec6bf462,case-s02,P04,1,upstream_fault,S_recorded_time_snapshot_substitution,True,True,True,False,job_1,select_snapshot_observations,False,,,True,True,True,art-d561ab0b1410fc44,read,3044,3,45.22459291299856,187153,24704,1796,188949,prespecified_data_dependent
trial-9d9d6c6d8cbf3c84,case-r02,P01,1,upstream_fault,R_premature_contribution_rounding,False,False,False,False,,,False,,,False,False,False,,,0,1,54.509233345999746,27163,11648,2792,29955,prespecified_data_dependent
trial-4422754a408d5e57,case-v01,P02,1,upstream_fault,V_oldest_repeat_retained,True,True,True,False,job_1,reduce_source_repeats,True,job_1,reduce_source_repeats,False,False,False,,,0,1,19.132231391999085,59033,11648,809,59842,prespecified_data_dependent
trial-412214e970e3afc7,case-d01,P06,3,upstream_fault,D_repeat_rank_scoped_by_source,True,True,True,False,job_1,reduce_source_repeats,True,job_1,reduce_source_repeats,False,False,False,,,0,3,52.38200202899861,175933,24704,2201,178134,prespecified_data_dependent
trial-d059b512509a6c26,case-e01,P05,3,upstream_fault,E_expiry_compared_with_recorded_time,True,True,True,False,job_1,select_snapshot_observations,False,,,True,True,False,art-fa9c9b81f5442a7e,read,2646,3,49.447653709001315,189974,24704,1971,191945,prespecified_data_dependent
trial-8361627e11a91904,case-r01,P02,1,upstream_fault,R_premature_contribution_rounding,True,True,True,False,job_1,weight_source_reliability,True,job_1,weight_source_reliability,False,False,False,,,0,1,18.702450057000533,59102,11648,818,59920,prespecified_data_dependent
trial-6ea76f77b6303b06,case-s01,P06,2,upstream_fault,S_recorded_time_snapshot_substitution,True,True,True,False,job_1,select_snapshot_observations,True,job_1,select_snapshot_observations,False,False,False,,,0,3,53.577357054997265,179385,24704,2206,181591,prespecified_data_dependent
trial-b589c03d486ee06d,case-control-01,P05,1,matched_clean_control,,False,False,False,False,,,False,,,False,False,False,art-92027ff8911f77b3,read,1762,3,86.49248868799987,186776,14464,3953,190729,
trial-be467f71b1f7be15,case-e01,P01,2,upstream_fault,E_expiry_compared_with_recorded_time,True,True,True,False,job_1,select_snapshot_observations,True,job_1,select_snapshot_observations,False,False,False,,,0,1,19.14744873499876,27710,11648,760,28470,prespecified_data_dependent
trial-2b892f11353a7183,case-v01,P02,2,upstream_fault,V_oldest_repeat_retained,True,True,True,False,job_1,reduce_source_repeats,True,job_1,reduce_source_repeats,False,False,False,,,0,1,18.38068455299981,59034,11648,779,59813,prespecified_data_dependent
trial-5c055e300959f012,case-s02,P04,3,upstream_fault,S_recorded_time_snapshot_substitution,True,True,True,False,job_1,select_snapshot_observations,False,,,True,True,True,art-d561ab0b1410fc44,read,3044,3,49.00815922299989,187152,24704,1962,189114,prespecified_data_dependent
trial-d1546bd058e10de6,case-control-03,P04,2,matched_clean_control,,False,False,False,False,,,False,,,False,False,False,art-5a2a4d81a9f1b963,read,1646,3,61.28617087400198,183462,24704,2517,185979,
trial-243a5afd86d041fa,case-control-02,P06,2,matched_clean_control,,False,False,False,False,,,False,,,False,False,False,,,0,3,80.66991622899877,177302,34944,3730,181032,
trial-6af3f24b95b508ae,case-control-02,P04,3,matched_clean_control,,False,False,False,False,,,False,,,False,False,False,art-b5366359b8abffb0,full,3815,3,53.637458269999115,186553,34944,2182,188735,
trial-c4296f989ba638f8,case-d01,P04,1,upstream_fault,D_repeat_rank_scoped_by_source,True,True,True,False,job_1,reduce_source_repeats,False,,,True,True,False,art-6dec5c2b3589d28d,read,3089,3,66.3900191720004,184875,24704,2956,187831,prespecified_data_dependent
trial-eca61bf62a4079c8,case-e02,P03,2,upstream_fault,E_expiry_compared_with_recorded_time,True,True,True,False,job_1,select_snapshot_observations,True,job_1,select_snapshot_observations,False,False,False,,,0,1,18.427230764998967,60682,11648,795,61477,prespecified_data_dependent
trial-6521401bf10cbe01,case-v01,P01,2,upstream_fault,V_oldest_repeat_retained,True,True,True,False,job_1,reduce_source_repeats,True,job_1,reduce_source_repeats,False,False,False,,,0,1,18.68283796400101,27174,11648,762,27936,prespecified_data_dependent
trial-67dceb4d077e1739,case-e01,P05,2,upstream_fault,E_expiry_compared_with_recorded_time,True,True,True,False,job_1,select_snapshot_observations,False,,,True,True,False,art-fa9c9b81f5442a7e,read,2646,3,48.085552438004015,189974,24704,1982,191956,prespecified_data_dependent
trial-b660f9567d5e1ef2,case-r01,P04,2,upstream_fault,R_premature_contribution_rounding,False,False,False,False,,,False,,,False,True,False,art-0c929517255431f9,read,441,3,49.33567435600162,201834,34944,1999,203833,prespecified_data_dependent
trial-34b07278cf65ab75,case-v02,P02,1,upstream_fault,V_oldest_repeat_retained,True,True,True,False,job_1,reduce_source_repeats,True,job_1,reduce_source_repeats,False,False,False,,,0,1,27.49778490100107,59093,11648,1277,60370,prespecified_data_dependent
trial-f42ed4f1b173351a,case-d01,P02,3,upstream_fault,D_repeat_rank_scoped_by_source,True,True,True,False,job_1,reduce_source_repeats,True,job_1,reduce_source_repeats,False,False,False,,,0,1,41.387224635000166,58575,11648,1829,60404,prespecified_data_dependent
trial-5c54ff88eb742775,case-c02,P03,3,upstream_fault,C_non_cumulative_channel_cap,True,False,False,False,job_3,allocate_campaign_budget,True,job_3,allocate_campaign_budget,False,False,False,,,0,1,17.96117036999931,60117,11648,771,60888,prespecified_data_dependent
trial-c58860098ccc988a,case-s02,P03,2,upstream_fault,S_recorded_time_snapshot_substitution,True,True,True,False,job_1,select_snapshot_observations,True,job_1,select_snapshot_observations,False,False,False,,,0,1,18.642203153000082,60709,11648,811,61520,prespecified_data_dependent
trial-2f1ae2efa834036c,case-s02,P03,1,upstream_fault,S_recorded_time_snapshot_substitution,True,True,True,False,job_1,select_snapshot_observations,True,job_1,select_snapshot_observations,False,False,False,,,0,1,19.26679962900016,60707,11648,833,61540,prespecified_data_dependent
trial-646dd64bc76f3f19,case-control-02,P05,3,matched_clean_control,,False,False,False,False,,,False,,,False,False,False,art-bfdf6ab462c35705,read,1764,3,65.50257046799925,186591,24704,2924,189515,
trial-9819ada4087117af,case-s02,P03,3,upstream_fault,S_recorded_time_snapshot_substitution,True,True,True,False,job_1,select_snapshot_observations,True,job_1,select_snapshot_observations,False,False,False,,,0,1,17.417699507999714,60708,11648,674,61382,prespecified_data_dependent
trial-acaf05aa8f783ab1,case-s02,P01,3,upstream_fault,S_recorded_time_snapshot_substitution,True,True,True,False,job_1,select_snapshot_observations,True,job_1,select_snapshot_observations,False,False,False,,,0,1,19.20228025799952,27743,11648,796,28539,prespecified_data_dependent
trial-69900203589222f3,case-r02,P04,2,upstream_fault,R_premature_contribution_rounding,False,False,False,False,,,False,,,False,True,True,art-168939d0f10348cf,full,3873,3,66.71636848299931,202729,24704,2969,205698,prespecified_data_dependent
trial-f28cd0361ff4b754,case-e01,P06,3,upstream_fault,E_expiry_compared_with_recorded_time,True,True,True,False,job_1,select_snapshot_observations,True,job_1,select_snapshot_observations,False,False,False,,,0,3,78.54854422500102,178916,24704,3555,182471,prespecified_data_dependent
trial-84be3f3f50e16691,case-control-01,P05,2,matched_clean_control,,False,False,False,False,,,False,,,False,False,False,art-92027ff8911f77b3,read,1762,3,65.33901424100077,186747,24704,2736,189483,
trial-965a2bed80f89e74,case-v02,P01,3,upstream_fault,V_oldest_repeat_retained,True,True,True,False,job_1,reduce_source_repeats,True,job_1,reduce_source_repeats,False,False,False,,,0,1,18.729078413000025,27231,11648,837,28068,prespecified_data_dependent
trial-7457821a54bb0082,case-v01,P05,2,upstream_fault,V_oldest_repeat_retained,True,True,True,False,job_1,reduce_source_repeats,False,,,True,True,True,art-5039037edd11969b,read,3554,3,52.30634348700005,189675,24704,2072,191747,prespecified_data_dependent
trial-800a5e88dce1e5ce,case-control-01,P03,1,matched_clean_control,,False,False,False,False,,,False,,,False,False,False,,,0,1,23.42108071599978,60160,11648,1061,61221,
trial-9dfdefe2db03958a,case-d02,P01,2,upstream_fault,D_repeat_rank_scoped_by_source,True,True,True,False,job_1,reduce_source_repeats,True,job_1,reduce_source_repeats,False,False,False,,,0,1,28.6113014879993,26721,11648,1388,28109,prespecified_data_dependent
trial-f7f262338439583e,case-s01,P03,3,upstream_fault,S_recorded_time_snapshot_substitution,True,True,True,False,job_1,select_snapshot_observations,True,job_1,select_snapshot_observations,False,False,False,,,0,1,20.755139289,60782,11648,780,61562,prespecified_data_dependent
trial-829d35b6720dbaa5,case-d01,P03,1,upstream_fault,D_repeat_rank_scoped_by_source,True,True,True,False,job_1,reduce_source_repeats,True,job_1,reduce_source_repeats,False,False,False,,,0,1,19.026618556999892,59632,11648,817,60449,prespecified_data_dependent
trial-77704916235dd592,case-control-03,P05,1,matched_clean_control,,False,False,False,False,,,False,,,False,False,False,art-5a2a4d81a9f1b963,full,1761,3,46.10131836599976,186627,34944,1846,188473,
trial-c7fb4b01d2d84a8e,case-control-03,P04,3,matched_clean_control,,False,False,False,False,,,False,,,False,False,False,art-66f11a9784b87426,read,762,3,59.419778016001146,181702,34944,2454,184156,
trial-31b0a7eb0f4fb123,case-control-04,P04,3,matched_clean_control,,False,False,False,False,,,False,,,False,False,False,art-e50dbfac8577e242,read,2432,3,50.77979618399877,201018,34944,2072,203090,
trial-fc302f0c6070ad86,case-v02,P04,3,upstream_fault,V_oldest_repeat_retained,True,True,True,False,job_1,reduce_source_repeats,False,,,True,True,True,art-c2839c6f29887562,read,3832,3,49.7403818519997,186738,34944,2048,188786,prespecified_data_dependent
trial-27ee695527b3acdf,case-control-03,P03,2,matched_clean_control,,False,False,False,False,,,False,,,False,False,False,,,0,1,30.622236716999396,60110,11648,1479,61589,
trial-0842bcf91ac50ef6,case-s01,P03,1,upstream_fault,S_recorded_time_snapshot_substitution,True,True,True,False,job_1,select_snapshot_observations,True,job_1,select_snapshot_observations,False,False,False,,,0,1,14.918848966999576,60782,11648,607,61389,prespecified_data_dependent
trial-812c46ad7ca92ff8,case-e01,P04,2,upstream_fault,E_expiry_compared_with_recorded_time,True,True,True,False,job_1,select_snapshot_observations,False,,,True,True,False,art-fa9c9b81f5442a7e,read,2854,3,47.77620297099929,186882,34944,1984,188866,prespecified_data_dependent
trial-960aa60ff7946526,case-r01,P04,1,upstream_fault,R_premature_contribution_rounding,True,True,True,False,job_1,weight_source_reliability,False,,,True,True,False,art-133083eb8efc81cf,read,473,3,76.54091449599764,201831,34944,3502,205333,prespecified_data_dependent
trial-8645feda8ded4dc3,case-e01,P02,1,upstream_fault,E_expiry_compared_with_recorded_time,True,True,True,False,job_1,select_snapshot_observations,True,job_1,select_snapshot_observations,False,False,False,,,0,1,18.91011804700065,59570,11648,769,60339,prespecified_data_dependent
trial-d9b004145a633d93,case-v02,P04,2,upstream_fault,V_oldest_repeat_retained,True,True,True,False,job_1,reduce_source_repeats,False,,,True,True,True,art-c2839c6f29887562,full,3828,3,49.62333677599963,186736,24704,2029,188765,prespecified_data_dependent
trial-1798f7b8a3202881,case-s02,P06,3,upstream_fault,S_recorded_time_snapshot_substitution,True,True,True,False,job_1,select_snapshot_observations,True,job_1,select_snapshot_observations,False,False,False,,,0,3,59.964229989998785,179158,14464,2317,181475,prespecified_data_dependent
trial-546a7110ed4324e8,case-e01,P01,3,upstream_fault,E_expiry_compared_with_recorded_time,True,True,True,False,job_1,select_snapshot_observations,True,job_1,select_snapshot_observations,False,False,False,,,0,1,18.611804201000268,27709,11648,817,28526,prespecified_data_dependent
trial-cbd2da9ce80bbddd,case-r02,P06,3,upstream_fault,R_premature_contribution_rounding,False,False,False,False,,,False,,,False,False,False,,,0,3,133.92771020600048,177567,34944,6770,184337,prespecified_data_dependent
trial-28570c0726262828,case-e01,P02,2,upstream_fault,E_expiry_compared_with_recorded_time,True,True,True,False,job_1,select_snapshot_observations,True,job_1,select_snapshot_observations,False,False,False,,,0,1,26.98528527900089,59570,11648,1269,60839,prespecified_data_dependent
trial-24aa32298f4eba77,case-d02,P06,3,upstream_fault,D_repeat_rank_scoped_by_source,True,True,True,False,job_1,reduce_source_repeats,True,job_1,reduce_source_repeats,False,False,False,,,0,3,113.27390333399671,175980,34944,5575,181555,prespecified_data_dependent
trial-77dba96eeee58d4c,case-control-04,P04,1,matched_clean_control,,False,False,False,False,,,False,,,False,False,False,art-8cd6907045bb8f38,read,1646,3,57.69936117399993,183709,34944,2364,186073,
trial-36b9685accc8c28a,case-v02,P02,2,upstream_fault,V_oldest_repeat_retained,True,True,True,False,job_1,reduce_source_repeats,True,job_1,reduce_source_repeats,False,False,False,,,0,1,46.5358726609993,59093,11648,2356,61449,prespecified_data_dependent
trial-68410941e69b87c2,case-d02,P02,3,upstream_fault,D_repeat_rank_scoped_by_source,True,True,True,False,job_1,reduce_source_repeats,True,job_1,reduce_source_repeats,False,False,False,,,0,1,35.41671964899979,58590,11648,1706,60296,prespecified_data_dependent
trial-ba8006ec0ada5dea,case-d02,P01,1,upstream_fault,D_repeat_rank_scoped_by_source,True,True,True,False,job_1,reduce_source_repeats,True,job_1,reduce_source_repeats,False,False,False,,,0,1,18.23472187399966,26722,11648,795,27517,prespecified_data_dependent
trial-e7e5ac742de07e24,case-control-02,P04,1,matched_clean_control,,False,False,False,False,,,False,,,False,False,False,art-b5366359b8abffb0,read,3819,3,72.04445377299999,186550,34944,3305,189855,
trial-387b012edeaca88d,case-s01,P04,2,upstream_fault,S_recorded_time_snapshot_substitution,True,True,True,False,job_1,select_snapshot_observations,False,,,True,True,False,art-4e883058aae35a5a,read,2743,3,46.35340256300151,187244,34944,1813,189057,prespecified_data_dependent
trial-a5c512aa1a1e1c8c,case-d01,P03,3,upstream_fault,D_repeat_rank_scoped_by_source,True,True,True,False,job_1,reduce_source_repeats,True,job_1,reduce_source_repeats,False,False,False,,,0,1,29.1757196260005,59631,11648,1390,61021,prespecified_data_dependent
trial-603d88e8c519b60f,case-control-03,P06,3,matched_clean_control,,False,False,False,False,,,False,,,False,False,False,,,0,3,81.22556694799823,177368,34944,3704,181072,
trial-a093984fdcb10752,case-control-01,P03,3,matched_clean_control,,False,False,False,False,,,False,,,False,False,False,,,0,1,29.339986316999784,60158,11648,1306,61464,
trial-b54abfaca986911a,case-v01,P05,1,upstream_fault,V_oldest_repeat_retained,True,True,True,False,job_1,reduce_source_repeats,False,,,True,True,True,art-5039037edd11969b,read,2578,3,49.627089221999995,189314,34944,1980,191294,prespecified_data_dependent
trial-d6387137b9f1889f,case-c02,P02,1,upstream_fault,C_non_cumulative_channel_cap,True,False,False,False,job_3,allocate_campaign_budget,True,job_3,allocate_campaign_budget,False,False,False,,,0,1,17.91549948300053,59062,11648,762,59824,prespecified_data_dependent
trial-2fbe72eeb082e249,case-e02,P06,1,upstream_fault,E_expiry_compared_with_recorded_time,True,True,True,False,job_1,select_snapshot_observations,True,job_1,select_snapshot_observations,False,False,False,,,0,3,51.586675032996936,179089,34944,2174,181263,prespecified_data_dependent
trial-f8fe1df35a88da84,case-control-04,P03,1,matched_clean_control,,False,False,False,False,,,False,,,False,False,False,,,0,1,40.81696983099937,60198,11648,2029,62227,
trial-4308e4136a38be7a,case-e01,P02,3,upstream_fault,E_expiry_compared_with_recorded_time,True,True,True,False,job_1,select_snapshot_observations,True,job_1,select_snapshot_observations,False,False,False,,,0,1,18.335759335999683,59570,11648,753,60323,prespecified_data_dependent
trial-d1a698452036fab8,case-control-01,P05,3,matched_clean_control,,False,False,False,False,,,False,,,False,False,False,art-92027ff8911f77b3,read,1644,3,69.4689730600021,186734,34944,3185,189919,
trial-0d9f754df33b902e,case-s01,P05,2,upstream_fault,S_recorded_time_snapshot_substitution,True,True,True,False,job_1,select_snapshot_observations,False,,,True,True,True,art-a035c8cb80fbe41e,read,2402,3,48.87321292699926,190310,34944,1952,192262,prespecified_data_dependent
trial-2029596ba895a2d2,case-s01,P02,1,upstream_fault,S_recorded_time_snapshot_substitution,True,True,True,False,job_1,select_snapshot_observations,True,job_1,select_snapshot_observations,False,False,False,,,0,1,16.68353683799978,59726,11648,699,60425,prespecified_data_dependent
trial-bfd2a5fd9cabb461,case-v01,P06,1,upstream_fault,V_oldest_repeat_retained,False,False,False,False,,,True,job_1,reduce_source_repeats,True,False,False,,,0,3,61.566067115001715,177308,34944,2686,179994,prespecified_data_dependent
trial-1d7f100dec68485a,case-control-03,P01,3,matched_clean_control,,False,False,False,False,,,False,,,False,False,False,,,0,1,27.820459930999277,27227,11648,1239,28466,
trial-aa4cdb04be4694e1,case-c02,P01,2,upstream_fault,C_non_cumulative_channel_cap,True,False,False,False,job_3,allocate_campaign_budget,True,job_3,allocate_campaign_budget,False,False,False,,,0,1,25.99753431699901,27231,11648,1240,28471,prespecified_data_dependent
trial-1c6f3c8b2091940f,case-v01,P03,3,upstream_fault,V_oldest_repeat_retained,True,True,True,False,job_1,reduce_source_repeats,True,job_1,reduce_source_repeats,False,False,False,,,0,1,27.387651319000724,60088,11648,1295,61383,prespecified_data_dependent
trial-6a9d92ef62b785c9,case-control-01,P01,1,matched_clean_control,,False,False,False,False,,,False,,,False,False,False,,,0,1,37.17523396499928,27219,11648,1767,28986,
trial-c7667416177af224,case-d01,P05,2,upstream_fault,D_repeat_rank_scoped_by_source,True,True,True,False,job_1,reduce_source_repeats,False,,,True,True,False,art-77f741dbb7f33d92,read,2413,3,50.463068793000275,187781,34944,2022,189803,prespecified_data_dependent
trial-9625a66ce6dbdf9d,case-v01,P06,2,upstream_fault,V_oldest_repeat_retained,True,True,True,False,job_1,reduce_source_repeats,True,job_1,reduce_source_repeats,False,False,False,,,0,3,89.72230836200288,177310,24704,4260,181570,prespecified_data_dependent
trial-1b0c480615e96ee1,case-control-02,P06,1,matched_clean_control,,False,False,False,False,,,False,,,False,False,False,,,0,3,87.24955053799931,177304,34944,4188,181492,
trial-49158b32b11326a9,case-control-02,P06,3,matched_clean_control,,False,False,False,False,,,False,,,False,False,False,,,0,3,81.75951236400215,177305,34944,3847,181152,
trial-3f7a191e03a1cf33,case-d02,P06,1,upstream_fault,D_repeat_rank_scoped_by_source,True,True,True,False,job_1,reduce_source_repeats,True,job_1,reduce_source_repeats,False,False,False,,,0,3,52.62108053699558,175983,34944,2265,178248,prespecified_data_dependent
trial-fc81866953ed12fc,case-c02,P06,3,upstream_fault,C_non_cumulative_channel_cap,True,False,False,False,job_3,allocate_campaign_budget,True,job_3,allocate_campaign_budget,False,False,False,,,0,3,61.01101621000271,177392,34944,2731,180123,prespecified_data_dependent
trial-c76f42c7789db250,case-r02,P06,2,upstream_fault,R_premature_contribution_rounding,False,False,False,False,,,False,,,False,False,False,,,0,3,97.64131123100015,177566,24704,4715,182281,prespecified_data_dependent
trial-55475f2f91cab37f,case-d02,P02,2,upstream_fault,D_repeat_rank_scoped_by_source,True,True,True,False,job_1,reduce_source_repeats,True,job_1,reduce_source_repeats,False,False,False,,,0,1,21.10153177399843,58593,11648,915,59508,prespecified_data_dependent
trial-14207e0a5468c50a,case-r02,P05,1,upstream_fault,R_premature_contribution_rounding,True,True,True,False,job_1,weight_source_reliability,False,,,True,True,False,art-af0cd3911d68eca6,read,441,3,67.4033720869993,204705,34944,2993,207698,prespecified_data_dependent
trial-6841edcc661c2646,case-r02,P05,3,upstream_fault,R_premature_contribution_rounding,True,True,True,False,job_1,weight_source_reliability,False,,,True,True,False,art-a2ccfaae8796050d,read,1162,3,96.15033230100016,204916,34944,4653,209569,prespecified_data_dependent
trial-2da54b57735d73c0,case-control-02,P02,3,matched_clean_control,,False,False,False,False,,,False,,,False,False,False,,,0,1,27.930030594998243,59032,11648,1312,60344,
trial-68085810ee48d7a4,case-c01,P01,2,upstream_fault,C_non_cumulative_channel_cap,True,False,False,False,job_3,allocate_campaign_budget,True,job_3,allocate_campaign_budget,False,False,False,,,0,1,12.994434397998702,27226,1408,501,27727,prespecified_data_dependent
trial-047d1f86296d1180,case-r01,P01,1,upstream_fault,R_premature_contribution_rounding,False,False,False,False,,,False,,,False,False,False,,,0,1,50.941062763002265,27219,11648,2599,29818,prespecified_data_dependent
trial-4e1f78e8f8a4979b,case-d01,P01,2,upstream_fault,D_repeat_rank_scoped_by_source,True,True,True,False,job_1,reduce_source_repeats,True,job_1,reduce_source_repeats,False,False,False,,,0,1,18.442454590000125,26715,11648,765,27480,prespecified_data_dependent
trial-6aa88b522d06be09,case-c01,P03,2,upstream_fault,C_non_cumulative_channel_cap,True,False,False,False,job_3,allocate_campaign_budget,True,job_3,allocate_campaign_budget,False,False,False,,,0,1,17.797159666999505,60140,11648,768,60908,prespecified_data_dependent
trial-d1852990920e78f1,case-d02,P06,2,upstream_fault,D_repeat_rank_scoped_by_source,True,True,True,False,job_1,reduce_source_repeats,True,job_1,reduce_source_repeats,False,False,False,,,0,3,69.72911682399717,175984,34944,3209,179193,prespecified_data_dependent
trial-bfdecd4d10d24355,case-c01,P06,2,upstream_fault,C_non_cumulative_channel_cap,True,False,False,False,job_3,allocate_campaign_budget,True,job_3,allocate_campaign_budget,False,False,False,,,0,3,75.44177665900133,177461,24704,3341,180802,prespecified_data_dependent
trial-3493f7630b3f96c3,case-v02,P01,1,upstream_fault,V_oldest_repeat_retained,True,True,True,False,job_1,reduce_source_repeats,True,job_1,reduce_source_repeats,False,False,False,,,0,1,19.61701562899907,27232,11648,859,28091,prespecified_data_dependent
trial-af272bea4d1dbd90,case-e02,P01,2,upstream_fault,E_expiry_compared_with_recorded_time,True,True,True,False,job_1,select_snapshot_observations,True,job_1,select_snapshot_observations,False,False,False,,,0,1,18.376444616998924,27727,11648,809,28536,prespecified_data_dependent
trial-4edf95b6ba57c2c8,case-control-02,P05,1,matched_clean_control,,False,False,False,False,,,False,,,False,False,False,art-401247793ce51ff0,read,1576,3,74.81140904700078,186536,34944,3410,189946,
trial-5a0c8ac9313c24f9,case-e02,P04,2,upstream_fault,E_expiry_compared_with_recorded_time,True,True,True,False,job_1,select_snapshot_observations,False,,,True,True,False,art-4729f9b92acd7900,read,2646,3,49.43373793000137,186940,34944,1949,188889,prespecified_data_dependent
trial-f2bd06adf159fcd6,case-e02,P01,3,upstream_fault,E_expiry_compared_with_recorded_time,True,True,True,False,job_1,select_snapshot_observations,True,job_1,select_snapshot_observations,False,False,False,,,0,1,17.476293096999143,27728,11648,769,28497,prespecified_data_dependent
trial-853b08e637408490,case-control-01,P01,3,matched_clean_control,,False,False,False,False,,,False,,,False,False,False,,,0,1,38.02174706799997,27219,11648,1850,29069,
trial-fa0fa8eb65f31633,case-c02,P03,2,upstream_fault,C_non_cumulative_channel_cap,True,False,False,False,job_3,allocate_campaign_budget,True,job_3,allocate_campaign_budget,False,False,False,,,0,1,18.539121910001995,60118,11648,789,60907,prespecified_data_dependent
trial-24718e9744547262,case-v02,P05,2,upstream_fault,V_oldest_repeat_retained,True,True,True,False,job_1,reduce_source_repeats,False,,,True,True,True,art-c2839c6f29887562,read,2595,3,63.69679483099753,189509,34944,2590,192099,prespecified_data_dependent
trial-c9d49cbd24a8c563,case-s01,P06,3,upstream_fault,S_recorded_time_snapshot_substitution,True,True,True,False,job_1,select_snapshot_observations,True,job_1,select_snapshot_observations,False,False,False,,,0,3,68.70842256300239,179387,34944,2882,182269,prespecified_data_dependent
trial-f71fe136034139f7,case-control-02,P03,3,matched_clean_control,,False,False,False,False,,,False,,,False,False,False,,,0,1,37.31269005099966,60087,11648,1614,61701,
trial-c86a5ea1fdcaf7d5,case-v01,P04,3,upstream_fault,V_oldest_repeat_retained,True,True,True,False,job_1,reduce_source_repeats,False,,,True,True,True,art-5039037edd11969b,read,2578,3,49.67963889200473,186145,34944,2027,188172,prespecified_data_dependent
trial-9e6ce6d0856bc85e,case-r02,P05,2,upstream_fault,R_premature_contribution_rounding,True,True,True,False,job_1,weight_source_reliability,False,,,True,True,False,art-582ea27317d41725,read,473,3,50.71014219399876,204710,34944,2018,206728,prespecified_data_dependent
trial-03262215f2b7cbf1,case-s01,P05,1,upstream_fault,S_recorded_time_snapshot_substitution,True,True,True,False,job_1,select_snapshot_observations,False,,,True,True,False,art-4e883058aae35a5a,read,2444,3,48.92661299100291,190289,34944,2009,192298,prespecified_data_dependent
trial-84f9c8fa7bdefc38,case-s01,P01,1,upstream_fault,S_recorded_time_snapshot_substitution,True,True,True,False,job_1,select_snapshot_observations,True,job_1,select_snapshot_observations,False,False,False,,,0,1,17.180763016000128,27855,11648,758,28613,prespecified_data_dependent
trial-d0f06f0acf9d234a,case-control-01,P04,2,matched_clean_control,,False,False,False,False,,,False,,,False,False,False,art-d9c47817dc032cf6,read,1035,3,71.49806577200434,200633,24704,3031,203664,
trial-14018ff9aea5a230,case-d02,P05,1,upstream_fault,D_repeat_rank_scoped_by_source,True,True,True,False,job_1,reduce_source_repeats,False,,,True,True,False,art-be706d81dc28979f,read,2428,3,47.74775703100022,187803,34944,1941,189744,prespecified_data_dependent
trial-59832160a8c375cd,case-r02,P03,1,upstream_fault,R_premature_contribution_rounding,False,False,False,False,,,False,,,False,False,False,,,0,1,17.832058788000722,60175,11648,764,60939,prespecified_data_dependent
trial-3b8df8e62337e049,case-control-03,P05,2,matched_clean_control,,False,False,False,False,,,False,,,False,False,False,art-66f11a9784b87426,read,1280,3,56.376092491002055,185036,34944,2477,187513,
trial-d18ecf33952cc70d,case-d02,P05,3,upstream_fault,D_repeat_rank_scoped_by_source,True,True,True,False,job_1,reduce_source_repeats,False,,,True,True,False,art-be706d81dc28979f,read,2020,3,59.085540982003295,187634,34944,2519,190153,prespecified_data_dependent
trial-f45b219cef80d3ae,case-s02,P05,2,upstream_fault,S_recorded_time_snapshot_substitution,True,True,True,False,job_1,select_snapshot_observations,False,,,True,True,False,art-735bb8317d15d2ac,read,4205,3,51.54445909799688,190669,34944,2049,192718,prespecified_data_dependent
trial-a9e6e486c7f9166c,case-c02,P04,1,upstream_fault,C_non_cumulative_channel_cap,True,False,False,False,job_3,allocate_campaign_budget,False,,,True,True,False,art-fa0ced0fbf4b7c52,read,848,3,46.53161819700472,181752,34944,1956,183708,prespecified_data_dependent
trial-778f1f55e2181b61,case-r01,P05,1,upstream_fault,R_premature_contribution_rounding,False,False,False,False,,,False,,,False,True,False,art-133083eb8efc81cf,full,477,3,57.801017720001255,204993,34944,2510,207503,prespecified_data_dependent
trial-6145ad060a7b6eb0,case-r02,P03,2,upstream_fault,R_premature_contribution_rounding,False,False,False,False,,,False,,,False,False,False,,,0,1,61.91736103800213,60175,11648,3195,63370,prespecified_data_dependent
trial-a9b43130e729858c,case-d02,P04,1,upstream_fault,D_repeat_rank_scoped_by_source,True,True,True,False,job_1,reduce_source_repeats,False,,,True,True,False,art-f4a90226e4f183fb,full,3829,3,45.996078944004694,185152,34944,1833,186985,prespecified_data_dependent
trial-e983afbc4b6e5070,case-c01,P05,1,upstream_fault,C_non_cumulative_channel_cap,True,False,False,False,job_3,allocate_campaign_budget,False,,,True,True,False,art-7a17afe077e15b82,read,669,3,49.06735548399956,184918,34944,2075,186993,prespecified_data_dependent
trial-eb890aab70e27400,case-c02,P05,1,upstream_fault,C_non_cumulative_channel_cap,True,False,False,False,job_3,allocate_campaign_budget,False,,,True,True,False,art-fa0ced0fbf4b7c52,read,762,3,42.18662716099789,184876,34944,1654,186530,prespecified_data_dependent
trial-0a26f76c18be0404,case-control-01,P04,1,matched_clean_control,,False,False,False,False,,,False,,,False,False,False,art-41093f63bc927e82,read,1842,3,65.96985205199962,183614,34944,2958,186572,
trial-429f2825669d4c7d,case-v01,P01,1,upstream_fault,V_oldest_repeat_retained,True,True,True,False,job_1,reduce_source_repeats,True,job_1,reduce_source_repeats,False,False,False,,,0,1,19.983841834997293,27173,11648,878,28051,prespecified_data_dependent
trial-5ebcbd2ec43dd378,case-d01,P02,2,upstream_fault,D_repeat_rank_scoped_by_source,True,True,True,False,job_1,reduce_source_repeats,True,job_1,reduce_source_repeats,False,False,False,,,0,1,42.54261431299892,58575,11648,2116,60691,prespecified_data_dependent
trial-1cbf6de105d2f6a9,case-r02,P04,3,upstream_fault,R_premature_contribution_rounding,True,True,True,False,job_1,weight_source_reliability,False,,,True,True,True,art-168939d0f10348cf,full,3873,3,113.52468968500398,202728,34944,5605,208333,prespecified_data_dependent
trial-722584119ff9ca28,case-r02,P04,1,upstream_fault,R_premature_contribution_rounding,True,True,True,False,job_1,weight_source_reliability,False,,,True,True,False,art-af0cd3911d68eca6,read,441,3,85.44442562499898,201539,34944,4076,205615,prespecified_data_dependent
trial-c29684db27bc23fc,case-control-03,P01,1,matched_clean_control,,False,False,False,False,,,False,,,False,False,False,,,0,1,36.88154221399964,27228,11648,1841,29069,
trial-605515f6b019b6f0,case-e02,P01,1,upstream_fault,E_expiry_compared_with_recorded_time,True,True,True,False,job_1,select_snapshot_observations,True,job_1,select_snapshot_observations,False,False,False,,,0,1,15.144982338999398,27727,11648,635,28362,prespecified_data_dependent
trial-9c39ca55e0bb3c4f,case-d02,P05,2,upstream_fault,D_repeat_rank_scoped_by_source,True,True,True,False,job_1,reduce_source_repeats,False,,,True,True,False,art-be706d81dc28979f,read,2256,3,49.54821200000151,187739,34944,1997,189736,prespecified_data_dependent
trial-76c16ca309b69b8d,case-c02,P05,2,upstream_fault,C_non_cumulative_channel_cap,True,False,False,False,job_3,allocate_campaign_budget,False,,,True,True,True,art-abd413afe73004cc,read,762,3,48.49160325000412,184864,34944,1956,186820,prespecified_data_dependent
trial-3a4a0f226771e6dc,case-c02,P05,3,upstream_fault,C_non_cumulative_channel_cap,True,False,False,False,job_3,allocate_campaign_budget,False,,,True,True,False,art-fa0ced0fbf4b7c52,read,669,3,58.07067883799755,184837,34944,2497,187334,prespecified_data_dependent
trial-5962782e9d2caf0f,case-s02,P02,3,upstream_fault,S_recorded_time_snapshot_substitution,True,True,True,False,job_1,select_snapshot_observations,True,job_1,select_snapshot_observations,False,False,False,,,0,1,18.65578520899726,59651,11648,766,60417,prespecified_data_dependent
trial-282e4e1d22356c3a,case-e02,P06,3,upstream_fault,E_expiry_compared_with_recorded_time,True,True,True,False,job_1,select_snapshot_observations,True,job_1,select_snapshot_observations,False,False,False,,,0,3,51.15540008699827,179090,34944,2171,181261,prespecified_data_dependent
trial-6e0aa812f35fd976,case-c01,P05,3,upstream_fault,C_non_cumulative_channel_cap,True,False,False,False,job_3,allocate_campaign_budget,False,,,True,True,True,art-8aeb6e9cb4f3e12f,read,762,3,45.55977979100135,185177,32896,1694,186871,prespecified_data_dependent
trial-c1ae482c5080e5d8,case-v02,P06,2,upstream_fault,V_oldest_repeat_retained,True,True,True,False,job_1,reduce_source_repeats,True,job_1,reduce_source_repeats,False,False,False,,,0,3,55.493485841998336,177484,34944,2408,179892,prespecified_data_dependent
trial-d2fba51fe38f545c,case-d02,P03,3,upstream_fault,D_repeat_rank_scoped_by_source,True,True,True,False,job_1,reduce_source_repeats,True,job_1,reduce_source_repeats,False,False,False,,,0,1,19.22624293300032,59647,11648,845,60492,prespecified_data_dependent
trial-d7976f0e45eaef42,case-control-01,P02,3,matched_clean_control,,False,False,False,False,,,False,,,False,False,False,,,0,1,28.561419134999596,59105,11648,1292,60397,
trial-76d68f3d417a4311,case-control-03,P02,3,matched_clean_control,,False,False,False,False,,,False,,,False,False,False,,,0,1,27.75077716800297,59054,11648,1194,60248,
trial-e581825741ef45c9,case-c01,P06,1,upstream_fault,C_non_cumulative_channel_cap,True,False,False,False,job_3,allocate_campaign_budget,True,job_3,allocate_campaign_budget,False,False,False,,,0,3,62.121522115001426,177460,34944,2634,180094,prespecified_data_dependent
trial-aeaabd054b36672d,case-control-03,P06,1,matched_clean_control,,False,False,False,False,,,False,,,False,False,False,,,0,3,95.1340682709997,177371,24704,4607,181978,
trial-7420fae83329481e,case-r01,P06,2,upstream_fault,R_premature_contribution_rounding,False,False,False,False,,,False,,,False,False,False,,,0,3,116.68347133100178,177518,34944,5719,183237,prespecified_data_dependent
trial-393174e68b8dff80,case-r01,P05,2,upstream_fault,R_premature_contribution_rounding,False,False,False,False,,,False,,,False,False,False,art-b6cc5980e8033a80,read,1394,3,58.48440751700036,186641,34944,2480,189121,prespecified_data_dependent
trial-71ec49537cc4dddb,case-e01,P03,1,upstream_fault,E_expiry_compared_with_recorded_time,True,True,True,False,job_1,select_snapshot_observations,True,job_1,select_snapshot_observations,False,False,False,,,0,1,17.0888589410024,60627,11648,728,61355,prespecified_data_dependent
trial-66215dae07ff1e9f,case-v01,P04,2,upstream_fault,V_oldest_repeat_retained,True,True,True,False,job_1,reduce_source_repeats,False,,,True,True,True,art-5039037edd11969b,read,2578,3,48.45365010199748,186147,34944,2015,188162,prespecified_data_dependent
trial-e4c1a492aee2210f,case-c01,P03,3,upstream_fault,C_non_cumulative_channel_cap,True,False,False,False,job_3,allocate_campaign_budget,True,job_3,allocate_campaign_budget,False,False,False,,,0,1,15.627101772002788,60141,11648,568,60709,prespecified_data_dependent
trial-51fdf0ec9c54d15c,case-r02,P01,3,upstream_fault,R_premature_contribution_rounding,False,False,False,False,,,False,,,False,False,False,,,0,1,50.67651521500011,27164,11648,2581,29745,prespecified_data_dependent
trial-a15fda997bb75b23,case-s01,P02,3,upstream_fault,S_recorded_time_snapshot_substitution,True,True,True,False,job_1,select_snapshot_observations,True,job_1,select_snapshot_observations,False,False,False,,,0,1,16.7123957900003,59727,11648,675,60402,prespecified_data_dependent
trial-03d1ee5333791212,case-c01,P01,3,upstream_fault,C_non_cumulative_channel_cap,True,False,False,False,job_3,allocate_campaign_budget,True,job_3,allocate_campaign_budget,False,False,False,,,0,1,22.274230278999312,27226,11648,1002,28228,prespecified_data_dependent
trial-2b7e1fabc4311fe7,case-c01,P02,2,upstream_fault,C_non_cumulative_channel_cap,True,False,False,False,job_3,allocate_campaign_budget,True,job_3,allocate_campaign_budget,False,False,False,,,0,1,23.04150744800063,59084,11648,1023,60107,prespecified_data_dependent
trial-a1de878c20c21ace,case-r01,P03,3,upstream_fault,R_premature_contribution_rounding,False,False,False,False,,,False,,,False,False,False,,,0,1,90.19240498799991,60158,11648,4790,64948,prespecified_data_dependent
trial-5df0f16f02cd48c5,case-control-01,P02,2,matched_clean_control,,False,False,False,False,,,False,,,False,False,False,,,0,1,38.25807462999728,59104,1408,1812,60916,
trial-369f87791b361157,case-s02,P05,3,upstream_fault,S_recorded_time_snapshot_substitution,True,True,True,False,job_1,select_snapshot_observations,False,,,True,True,False,art-735bb8317d15d2ac,read,2860,3,47.99486012300258,190236,34944,1978,192214,prespecified_data_dependent
trial-21def4c563850859,case-control-01,P01,2,matched_clean_control,,False,False,False,False,,,False,,,False,False,False,,,0,1,25.737866965999274,27219,11648,1202,28421,
trial-3d04a5355b2b8fa1,case-control-03,P03,3,matched_clean_control,,False,False,False,False,,,False,,,False,False,False,,,0,1,27.46455124199929,60110,11648,1300,61410,
trial-eb45bcbb65bfe20c,case-v02,P05,3,upstream_fault,V_oldest_repeat_retained,True,True,True,False,job_1,reduce_source_repeats,False,,,True,True,True,art-c2839c6f29887562,read,2257,3,54.52104566700291,189330,34944,2325,191655,prespecified_data_dependent
trial-52038ab25cb3b2a2,case-e01,P04,3,upstream_fault,E_expiry_compared_with_recorded_time,True,True,True,False,job_1,select_snapshot_observations,False,,,True,True,False,art-fa9c9b81f5442a7e,read,2646,3,47.89801152900327,186808,34944,1881,188689,prespecified_data_dependent
trial-9f10031643483176,case-s01,P04,1,upstream_fault,S_recorded_time_snapshot_substitution,True,True,True,False,job_1,select_snapshot_observations,False,,,True,True,False,art-4e883058aae35a5a,read,2444,3,47.81666104000033,187118,34944,1889,189007,prespecified_data_dependent
trial-de71a14ed5513476,case-s02,P06,2,upstream_fault,S_recorded_time_snapshot_substitution,True,True,True,False,job_1,select_snapshot_observations,True,job_1,select_snapshot_observations,False,False,False,,,0,3,55.03224492500158,179162,14464,2240,181402,prespecified_data_dependent
trial-3ad7ba2881c8a417,case-c01,P04,3,upstream_fault,C_non_cumulative_channel_cap,True,False,False,False,job_3,allocate_campaign_budget,False,,,True,True,False,art-7a17afe077e15b82,read,912,3,44.29316331800146,181829,34944,1702,183531,prespecified_data_dependent
trial-8b07211eb375291f,case-e01,P06,1,upstream_fault,E_expiry_compared_with_recorded_time,True,True,True,False,job_1,select_snapshot_observations,True,job_1,select_snapshot_observations,False,False,False,,,0,3,62.7969237729958,178920,34944,2852,181772,prespecified_data_dependent
trial-013fc75e7cc29d89,case-e02,P02,1,upstream_fault,E_expiry_compared_with_recorded_time,True,True,True,False,job_1,select_snapshot_observations,True,job_1,select_snapshot_observations,False,False,False,,,0,1,19.122856980997312,59626,11648,843,60469,prespecified_data_dependent
trial-15c2a4b5704adbae,case-r01,P03,2,upstream_fault,R_premature_contribution_rounding,False,False,False,False,,,False,,,False,False,False,,,0,1,20.198950732999947,60159,11648,763,60922,prespecified_data_dependent
trial-49f8d3b7c08b1aff,case-c02,P03,1,upstream_fault,C_non_cumulative_channel_cap,True,False,False,False,job_3,allocate_campaign_budget,True,job_3,allocate_campaign_budget,False,False,False,,,0,1,23.434892793997278,60117,11648,1064,61181,prespecified_data_dependent
trial-9a4999c2236e58a9,case-v01,P04,1,upstream_fault,V_oldest_repeat_retained,True,True,True,False,job_1,reduce_source_repeats,False,,,True,True,True,art-5039037edd11969b,read,2578,3,57.50285166400499,186148,34944,2536,188684,prespecified_data_dependent
trial-31be9cc8e508006c,case-d01,P04,2,upstream_fault,D_repeat_rank_scoped_by_source,True,True,True,False,job_1,reduce_source_repeats,False,,,True,True,False,art-77f741dbb7f33d92,full,3812,3,48.39140849100295,185125,34944,1978,187103,prespecified_data_dependent
trial-1936c1484b3c2bf7,case-v01,P03,1,upstream_fault,V_oldest_repeat_retained,True,True,True,False,job_1,reduce_source_repeats,True,job_1,reduce_source_repeats,False,False,False,,,0,1,18.458007552999334,60088,11648,811,60899,prespecified_data_dependent
trial-9e6e87e320866260,case-s02,P05,1,upstream_fault,S_recorded_time_snapshot_substitution,True,True,True,False,job_1,select_snapshot_observations,False,,,True,True,False,art-735bb8317d15d2ac,read,4205,3,49.833285211996554,190671,34944,1979,192650,prespecified_data_dependent
trial-0477733b42edc6d2,case-e02,P05,3,upstream_fault,E_expiry_compared_with_recorded_time,True,True,True,False,job_1,select_snapshot_observations,False,,,True,True,False,art-4729f9b92acd7900,read,2646,3,51.264947954998206,190108,34944,2011,192119,prespecified_data_dependent
trial-f888e2370e9f41c4,case-s01,P01,3,upstream_fault,S_recorded_time_snapshot_substitution,True,True,True,False,job_1,select_snapshot_observations,True,job_1,select_snapshot_observations,False,False,False,,,0,1,18.000704322003003,27854,11648,739,28593,prespecified_data_dependent
trial-72c220c469c39c49,case-r01,P01,3,upstream_fault,R_premature_contribution_rounding,False,False,False,False,,,False,,,False,False,False,,,0,1,33.231133749002765,27218,11648,1644,28862,prespecified_data_dependent
trial-98d711b60c9179bf,case-r02,P06,1,upstream_fault,R_premature_contribution_rounding,False,False,False,False,,,False,,,False,False,False,,,0,3,131.34004846899916,177566,34944,6575,184141,prespecified_data_dependent
trial-f49e61f10b48be52,case-d01,P04,3,upstream_fault,D_repeat_rank_scoped_by_source,True,True,True,False,job_1,reduce_source_repeats,False,,,True,True,False,art-77f741dbb7f33d92,read,891,3,62.23074574199927,184092,34944,2759,186851,prespecified_data_dependent
