condition_id,evidence_mode,false_positive_rate,fault_detection,fault_localisation,input_tokens,instance_count,repair_success,source_setting,successes_per_100k_input_tokens,tokens_per_successful_repair
condition-000-90a0239248773e5c,current_run,0.16666666666666666,0.6666666666666666,0.6333333333333333,865535,12,0.0,source_present,0.0,
condition-001-f3fae596ea044fab,current_run,1.0,0.7333333333333333,0.3333333333333333,384560,6,0.0,source_absent,0.0,
condition-002-6911fff5dfb02491,history_full,0.16666666666666666,0.8,0.8,983922,12,0.0,source_present,0.0,
condition-003-23ac4349e13e100b,history_full,0.6666666666666666,0.9333333333333333,0.19999999999999998,349151,6,0.0,source_absent,0.0,
condition-004-419e16a589ba17d6,etiq_full,0.3333333333333333,0.7333333333333333,0.6,2651983,12,0.0,source_present,0.0,
condition-005-973def2e8449680f,etiq_full,0.6666666666666666,1.0,0.6666666666666666,1384290,6,0.0,source_absent,0.0,
condition-006-c24ae40bef469571,etiq_selected_fixed,1.0,0.9333333333333333,0.8,1307644,6,0.0,source_present,0.0,
condition-007-6bd1f013a70583ee,etiq_selected_fixed,0.6666666666666666,0.9333333333333333,0.8,1275217,6,0.0,source_absent,0.0,
condition-008-613958be8eb4b397,etiq_selected_adaptive,0.5,0.8333333333333334,0.7333333333333333,2132019,12,0.0,source_present,0.0,
condition-009-a0d46cde863a13d4,etiq_selected_adaptive,1.0,0.9333333333333333,0.7333333333333333,1239011,6,0.0,source_absent,0.0,
condition-010-8302a6e9b4087861,etiq_random_matched,0.3333333333333333,0.8,0.6666666666666666,1208446,6,0.0,source_present,0.0,
condition-011-377ca1a523fc57d0,etiq_random_matched,0.0,1.0,0.6666666666666666,1145090,6,0.0,source_absent,0.0,
