condition_id,designation,detection_trial_sd,evidence_mode,false_positive_mean,false_positive_trial_sd,fault_detection_mean,fault_localisation_mean,input_tokens,instance_id,localisation_trial_sd,repair_success_mean,repair_trial_sd,source_setting,trial_count,usage_unavailable_count
condition-000-90a0239248773e5c,no_injection_control,,current_run,0.3333333333333333,0.4714045207910317,,,58542,instance-01,,,,source_present,3,0
condition-001-f3fae596ea044fab,no_injection_control,,current_run,1.0,0.0,,,51604,instance-01,,,,source_absent,3,0
condition-002-6911fff5dfb02491,no_injection_control,,history_full,0.3333333333333333,0.4714045207910317,,,58546,instance-01,,,,source_present,3,0
condition-003-23ac4349e13e100b,no_injection_control,,history_full,0.6666666666666666,0.4714045207910317,,,51628,instance-01,,,,source_absent,3,0
condition-004-419e16a589ba17d6,no_injection_control,,etiq_full,0.6666666666666666,0.4714045207910317,,,159900,instance-01,,,,source_present,3,0
condition-005-973def2e8449680f,no_injection_control,,etiq_full,0.6666666666666666,0.4714045207910317,,,152971,instance-01,,,,source_absent,3,0
condition-006-c24ae40bef469571,no_injection_control,,etiq_selected_fixed,1.0,0.0,,,138753,instance-01,,,,source_present,3,0
condition-007-6bd1f013a70583ee,no_injection_control,,etiq_selected_fixed,0.6666666666666666,0.4714045207910317,,,131825,instance-01,,,,source_absent,3,0
condition-008-613958be8eb4b397,no_injection_control,,etiq_selected_adaptive,1.0,0.0,,,138754,instance-01,,,,source_present,3,0
condition-009-a0d46cde863a13d4,no_injection_control,,etiq_selected_adaptive,1.0,0.0,,,131834,instance-01,,,,source_absent,3,0
condition-010-8302a6e9b4087861,no_injection_control,,etiq_random_matched,0.3333333333333333,0.4714045207910317,,,136008,instance-01,,,,source_present,3,0
condition-011-377ca1a523fc57d0,no_injection_control,,etiq_random_matched,0.0,0.0,,,129077,instance-01,,,,source_absent,3,0
condition-000-90a0239248773e5c,faulty,0.4714045207910317,current_run,,,0.6666666666666666,0.6666666666666666,88159,instance-02,0.4714045207910317,0.0,0.0,source_present,3,0
condition-001-f3fae596ea044fab,faulty,0.0,current_run,,,1.0,0.6666666666666666,80776,instance-02,0.4714045207910317,0.0,0.0,source_absent,3,0
condition-002-6911fff5dfb02491,faulty,0.0,history_full,,,1.0,1.0,105355,instance-02,0.0,0.0,0.0,source_present,3,0
condition-003-23ac4349e13e100b,faulty,0.0,history_full,,,1.0,0.6666666666666666,80902,instance-02,0.4714045207910317,0.0,0.0,source_absent,3,0
condition-004-419e16a589ba17d6,faulty,0.0,etiq_full,,,1.0,1.0,240015,instance-02,0.0,0.0,0.0,source_present,3,0
condition-005-973def2e8449680f,faulty,0.0,etiq_full,,,1.0,1.0,232680,instance-02,0.0,0.0,0.0,source_absent,3,0
condition-006-c24ae40bef469571,faulty,0.0,etiq_selected_fixed,,,1.0,1.0,226760,instance-02,0.0,0.0,0.0,source_present,3,0
condition-007-6bd1f013a70583ee,faulty,0.0,etiq_selected_fixed,,,1.0,1.0,219527,instance-02,0.0,0.0,0.0,source_absent,3,0
condition-008-613958be8eb4b397,faulty,0.0,etiq_selected_adaptive,,,1.0,1.0,226978,instance-02,0.0,0.0,0.0,source_present,3,0
condition-009-a0d46cde863a13d4,faulty,0.4714045207910317,etiq_selected_adaptive,,,0.6666666666666666,0.6666666666666666,182241,instance-02,0.4714045207910317,0.0,0.0,source_absent,3,0
condition-010-8302a6e9b4087861,faulty,0.0,etiq_random_matched,,,0.0,0.0,110981,instance-02,0.0,0.0,0.0,source_present,3,0
condition-011-377ca1a523fc57d0,faulty,0.0,etiq_random_matched,,,1.0,1.0,212343,instance-02,0.0,0.0,0.0,source_absent,3,0
condition-000-90a0239248773e5c,faulty,0.0,current_run,,,1.0,1.0,60299,instance-03,0.0,,,source_present,3,0
condition-002-6911fff5dfb02491,faulty,0.0,history_full,,,1.0,1.0,65580,instance-03,0.0,,,source_present,3,0
condition-004-419e16a589ba17d6,faulty,0.0,etiq_full,,,1.0,1.0,221720,instance-03,0.0,,,source_present,3,0
condition-008-613958be8eb4b397,faulty,0.0,etiq_selected_adaptive,,,1.0,1.0,146744,instance-03,0.0,,,source_present,3,0
condition-000-90a0239248773e5c,faulty,0.4714045207910317,current_run,,,0.6666666666666666,0.3333333333333333,69012,instance-04,0.4714045207910317,0.0,0.0,source_present,3,0
condition-001-f3fae596ea044fab,faulty,0.0,current_run,,,0.0,0.0,46490,instance-04,0.0,0.0,0.0,source_absent,3,0
condition-002-6911fff5dfb02491,faulty,0.0,history_full,,,1.0,1.0,102109,instance-04,0.0,0.0,0.0,source_present,3,0
condition-003-23ac4349e13e100b,faulty,0.4714045207910317,history_full,,,0.6666666666666666,0.0,46504,instance-04,0.0,0.0,0.0,source_absent,3,0
condition-004-419e16a589ba17d6,faulty,0.0,etiq_full,,,1.0,0.0,138794,instance-04,0.0,0.0,0.0,source_present,3,0
condition-005-973def2e8449680f,faulty,0.0,etiq_full,,,1.0,0.0,132961,instance-04,0.0,0.0,0.0,source_absent,3,0
condition-006-c24ae40bef469571,faulty,0.4714045207910317,etiq_selected_fixed,,,0.6666666666666666,0.3333333333333333,156811,instance-04,0.4714045207910317,0.0,0.0,source_present,3,0
condition-007-6bd1f013a70583ee,faulty,0.4714045207910317,etiq_selected_fixed,,,0.6666666666666666,0.0,112042,instance-04,0.0,0.0,0.0,source_absent,3,0
condition-008-613958be8eb4b397,faulty,0.0,etiq_selected_adaptive,,,1.0,0.3333333333333333,156498,instance-04,0.4714045207910317,0.0,0.0,source_present,3,0
condition-009-a0d46cde863a13d4,faulty,0.0,etiq_selected_adaptive,,,1.0,0.0,112051,instance-04,0.0,0.0,0.0,source_absent,3,0
condition-010-8302a6e9b4087861,faulty,0.0,etiq_random_matched,,,1.0,0.6666666666666666,194867,instance-04,0.4714045207910317,0.0,0.0,source_present,3,0
condition-011-377ca1a523fc57d0,faulty,0.0,etiq_random_matched,,,1.0,0.3333333333333333,149811,instance-04,0.4714045207910317,0.0,0.0,source_absent,3,0
condition-000-90a0239248773e5c,faulty,0.0,current_run,,,0.0,0.0,55078,instance-05,0.0,,,source_present,3,0
condition-002-6911fff5dfb02491,faulty,0.0,history_full,,,0.0,0.0,60318,instance-05,0.0,,,source_present,3,0
condition-004-419e16a589ba17d6,faulty,0.0,etiq_full,,,0.0,0.0,139816,instance-05,0.0,,,source_present,3,0
condition-008-613958be8eb4b397,faulty,0.0,etiq_selected_adaptive,,,0.0,0.0,118439,instance-05,0.0,,,source_present,3,0
condition-000-90a0239248773e5c,faulty,0.0,current_run,,,1.0,1.0,109533,instance-06,0.0,0.0,0.0,source_present,3,0
condition-001-f3fae596ea044fab,faulty,0.0,current_run,,,1.0,1.0,103833,instance-06,0.0,0.0,0.0,source_absent,3,0
condition-002-6911fff5dfb02491,faulty,0.0,history_full,,,1.0,1.0,109639,instance-06,0.0,0.0,0.0,source_present,3,0
condition-003-23ac4349e13e100b,faulty,0.0,history_full,,,1.0,0.3333333333333333,68207,instance-06,0.4714045207910317,0.0,0.0,source_absent,3,0
condition-004-419e16a589ba17d6,faulty,0.0,etiq_full,,,1.0,1.0,306187,instance-06,0.0,0.0,0.0,source_present,3,0
condition-005-973def2e8449680f,faulty,0.0,etiq_full,,,1.0,1.0,300310,instance-06,0.0,0.0,0.0,source_absent,3,0
condition-006-c24ae40bef469571,faulty,0.0,etiq_selected_fixed,,,1.0,1.0,265578,instance-06,0.0,0.0,0.0,source_present,3,0
condition-007-6bd1f013a70583ee,faulty,0.0,etiq_selected_fixed,,,1.0,1.0,259382,instance-06,0.0,0.0,0.0,source_absent,3,0
condition-008-613958be8eb4b397,faulty,0.0,etiq_selected_adaptive,,,1.0,1.0,265254,instance-06,0.0,0.0,0.0,source_present,3,0
condition-009-a0d46cde863a13d4,faulty,0.0,etiq_selected_adaptive,,,1.0,1.0,259760,instance-06,0.0,0.0,0.0,source_absent,3,0
condition-010-8302a6e9b4087861,faulty,0.0,etiq_random_matched,,,1.0,1.0,262050,instance-06,0.0,0.0,0.0,source_present,3,0
condition-011-377ca1a523fc57d0,faulty,0.0,etiq_random_matched,,,1.0,1.0,256218,instance-06,0.0,0.0,0.0,source_absent,3,0
condition-000-90a0239248773e5c,faulty,0.0,current_run,,,0.0,0.0,58869,instance-07,0.0,,,source_present,3,0
condition-002-6911fff5dfb02491,faulty,0.0,history_full,,,0.0,0.0,64045,instance-07,0.0,,,source_present,3,0
condition-004-419e16a589ba17d6,faulty,0.0,etiq_full,,,0.0,0.0,201052,instance-07,0.0,,,source_present,3,0
condition-008-613958be8eb4b397,faulty,0.4714045207910317,etiq_selected_adaptive,,,0.3333333333333333,0.0,123912,instance-07,0.0,,,source_present,3,0
condition-000-90a0239248773e5c,faulty,0.0,current_run,,,1.0,1.0,111074,instance-08,0.0,0.0,0.0,source_present,3,0
condition-001-f3fae596ea044fab,faulty,0.4714045207910317,current_run,,,0.6666666666666666,0.0,50632,instance-08,0.0,0.0,0.0,source_absent,3,0
condition-002-6911fff5dfb02491,faulty,0.0,history_full,,,1.0,1.0,111555,instance-08,0.0,0.0,0.0,source_present,3,0
condition-003-23ac4349e13e100b,faulty,0.0,history_full,,,1.0,0.0,50650,instance-08,0.0,0.0,0.0,source_absent,3,0
condition-004-419e16a589ba17d6,faulty,0.0,etiq_full,,,1.0,1.0,335213,instance-08,0.0,0.0,0.0,source_present,3,0
condition-005-973def2e8449680f,faulty,0.0,etiq_full,,,1.0,0.3333333333333333,217572,instance-08,0.4714045207910317,0.0,0.0,source_absent,3,0
condition-006-c24ae40bef469571,faulty,0.0,etiq_selected_fixed,,,1.0,1.0,290954,instance-08,0.0,0.0,0.0,source_present,3,0
condition-007-6bd1f013a70583ee,faulty,0.0,etiq_selected_fixed,,,1.0,1.0,283338,instance-08,0.0,0.0,0.0,source_absent,3,0
condition-008-613958be8eb4b397,faulty,0.0,etiq_selected_adaptive,,,1.0,1.0,290092,instance-08,0.0,0.0,0.0,source_present,3,0
condition-009-a0d46cde863a13d4,faulty,0.0,etiq_selected_adaptive,,,1.0,1.0,283823,instance-08,0.0,0.0,0.0,source_absent,3,0
condition-010-8302a6e9b4087861,faulty,0.0,etiq_random_matched,,,1.0,0.6666666666666666,237073,instance-08,0.4714045207910317,0.0,0.0,source_present,3,0
condition-011-377ca1a523fc57d0,faulty,0.0,etiq_random_matched,,,1.0,0.0,136110,instance-08,0.0,0.0,0.0,source_absent,3,0
condition-000-90a0239248773e5c,faulty,0.0,current_run,,,1.0,1.0,58140,instance-09,0.0,,,source_present,3,0
condition-002-6911fff5dfb02491,faulty,0.0,history_full,,,1.0,1.0,63294,instance-09,0.0,,,source_present,3,0
condition-004-419e16a589ba17d6,faulty,0.0,etiq_full,,,1.0,1.0,115539,instance-09,0.0,,,source_present,3,0
condition-008-613958be8eb4b397,faulty,0.0,etiq_selected_adaptive,,,1.0,1.0,115625,instance-09,0.0,,,source_present,3,0
condition-000-90a0239248773e5c,faulty,0.4714045207910317,current_run,,,0.3333333333333333,0.3333333333333333,75047,instance-10,0.4714045207910317,0.0,0.0,source_present,3,0
condition-001-f3fae596ea044fab,faulty,0.0,current_run,,,1.0,0.0,51225,instance-10,0.0,0.0,0.0,source_absent,3,0
condition-002-6911fff5dfb02491,faulty,0.0,history_full,,,1.0,1.0,111153,instance-10,0.0,0.0,0.0,source_present,3,0
condition-003-23ac4349e13e100b,faulty,0.0,history_full,,,1.0,0.0,51260,instance-10,0.0,0.0,0.0,source_absent,3,0
condition-004-419e16a589ba17d6,faulty,0.0,etiq_full,,,1.0,1.0,353364,instance-10,0.0,0.0,0.0,source_present,3,0
condition-005-973def2e8449680f,faulty,0.0,etiq_full,,,1.0,1.0,347796,instance-10,0.0,0.0,0.0,source_absent,3,0
condition-006-c24ae40bef469571,faulty,0.0,etiq_selected_fixed,,,1.0,0.6666666666666666,228788,instance-10,0.4714045207910317,0.0,0.0,source_present,3,0
condition-007-6bd1f013a70583ee,faulty,0.0,etiq_selected_fixed,,,1.0,1.0,269103,instance-10,0.0,0.0,0.0,source_absent,3,0
condition-008-613958be8eb4b397,faulty,0.0,etiq_selected_adaptive,,,1.0,1.0,274395,instance-10,0.0,0.0,0.0,source_present,3,0
condition-009-a0d46cde863a13d4,faulty,0.0,etiq_selected_adaptive,,,1.0,1.0,269302,instance-10,0.0,0.0,0.0,source_absent,3,0
condition-010-8302a6e9b4087861,faulty,0.0,etiq_random_matched,,,1.0,1.0,267467,instance-10,0.0,0.0,0.0,source_present,3,0
condition-011-377ca1a523fc57d0,faulty,0.0,etiq_random_matched,,,1.0,1.0,261531,instance-10,0.0,0.0,0.0,source_absent,3,0
condition-000-90a0239248773e5c,faulty,0.0,current_run,,,1.0,1.0,59909,instance-11,0.0,,,source_present,3,0
condition-002-6911fff5dfb02491,faulty,0.0,history_full,,,1.0,1.0,65036,instance-11,0.0,,,source_present,3,0
condition-004-419e16a589ba17d6,faulty,0.4714045207910317,etiq_full,,,0.3333333333333333,0.0,222598,instance-11,0.0,,,source_present,3,0
condition-008-613958be8eb4b397,faulty,0.0,etiq_selected_adaptive,,,1.0,1.0,143803,instance-11,0.0,,,source_present,3,0
condition-000-90a0239248773e5c,no_injection_control,,current_run,0.0,0.0,,,61873,instance-12,,,,source_present,3,0
condition-002-6911fff5dfb02491,no_injection_control,,history_full,0.0,0.0,,,67292,instance-12,,,,source_present,3,0
condition-004-419e16a589ba17d6,no_injection_control,,etiq_full,0.0,0.0,,,217785,instance-12,,,,source_present,3,0
condition-008-613958be8eb4b397,no_injection_control,,etiq_selected_adaptive,0.0,0.0,,,131525,instance-12,,,,source_present,3,0
